tempo_arduino_us,tempo_relogio_pc,contador,ax,ay,az,gx,gy,gz
10007528.0,363763.3593498,2.0,1.0,-0.01,-0.04,-3.41,0.18,-0.49
10012088.0,363763.3613181,3.0,1.0,-0.01,-0.05,-3.35,0.12,-0.12
10016660.0,363763.366877,4.0,1.01,-0.0,-0.04,-3.72,0.12,-0.12
10021216.0,363763.3757851,5.0,1.0,-0.0,-0.05,-3.35,0.37,-0.37
10025768.0,363763.4234228,6.0,1.0,-0.01,-0.04,-3.35,0.3,-0.3
10030324.0,363763.4658537,7.0,1.0,-0.0,-0.04,-3.48,0.0,-0.18
10034824.0,363763.5160526,8.0,1.01,-0.0,-0.04,-3.48,0.12,-0.43
10039392.0,363763.5704262,9.0,1.0,-0.01,-0.04,-3.41,0.43,-0.18
10043996.0,363763.6172916,10.0,1.0,-0.01,-0.05,-3.66,0.24,-0.3
10048616.0,363763.664603,11.0,1.0,-0.01,-0.04,-3.66,0.18,-0.43
10053232.0,363763.6778548,12.0,1.0,-0.01,-0.05,-3.9,0.37,-0.3
10057848.0,363763.7545582,13.0,1.0,-0.01,-0.04,-3.6,0.3,-0.43
10062452.0,363763.7590627,14.0,1.0,-0.01,-0.05,-3.41,0.12,-0.37
10067084.0,363763.8141232,15.0,1.0,-0.0,-0.05,-3.54,0.24,-0.3
10071676.0,363763.9143516,16.0,1.0,-0.0,-0.05,-3.66,0.43,-0.43
10076300.0,363763.9160752,17.0,1.0,-0.0,-0.05,-3.66,0.18,-0.18
10080904.0,363763.9674541,18.0,1.0,-0.0,-0.05,-3.6,0.24,-0.43
10085512.0,363764.0241077,19.0,1.0,-0.0,-0.05,-3.6,0.18,-0.12
10090120.0,363764.0791319,20.0,1.0,-0.0,-0.05,-3.6,0.37,-0.49
10094728.0,363764.138833,21.0,1.0,-0.01,-0.04,-3.78,0.06,-0.37
10099332.0,363764.1954243,22.0,1.0,-0.0,-0.05,-3.54,0.18,-0.24
10103940.0,363764.2406338,23.0,1.0,-0.01,-0.04,-3.54,0.24,-0.06
10108544.0,363764.3015383,24.0,1.0,-0.01,-0.05,-3.78,0.12,-0.49
10113168.0,363764.3330666,25.0,1.0,-0.0,-0.05,-3.17,0.3,-0.43
10117768.0,363764.3802268,26.0,1.01,-0.0,-0.05,-3.54,0.0,-0.49
10122344.0,363764.4231825,27.0,1.0,-0.0,-0.04,-3.54,0.0,-0.43
10126896.0,363764.473662,28.0,1.0,-0.01,-0.04,-3.54,0.3,-0.3
10131504.0,363764.5235672,29.0,1.0,-0.01,-0.05,-3.6,0.24,-0.49
10136112.0,363764.5273343,30.0,1.0,-0.0,-0.05,-3.6,0.18,-0.37
10140724.0,363764.5761871,31.0,1.0,-0.01,-0.05,-3.6,0.18,-0.37
10145336.0,363764.6243775,32.0,1.0,-0.01,-0.04,-3.48,0.24,-0.3
10149948.0,363764.674189,33.0,1.0,-0.0,-0.05,-3.72,0.18,-0.43
10154552.0,363764.7231278,34.0,1.0,-0.01,-0.06,-3.6,0.0,-0.55
10159120.0,363764.7744278,35.0,1.0,-0.01,-0.05,-3.6,0.18,-0.18
10163724.0,363764.8747681,36.0,1.0,-0.01,-0.04,-3.66,0.18,-0.3
10168344.0,363764.8764952,37.0,1.0,-0.01,-0.04,-3.35,-0.12,-0.37
10172956.0,363764.9689327,38.0,1.0,-0.01,-0.05,-3.66,0.0,-0.3
10177532.0,363765.009831,39.0,1.0,-0.01,-0.05,-3.35,0.37,-0.12
10182140.0,363765.0581247,40.0,1.0,-0.01,-0.05,-3.54,0.18,-0.49
10186748.0,363765.0988806,41.0,1.0,-0.01,-0.04,-3.48,-0.06,-0.12
10191368.0,363765.1465717,42.0,1.0,-0.01,-0.04,-3.6,0.24,-0.24
10195980.0,363765.189619,43.0,1.0,-0.01,-0.05,-3.35,0.37,-0.37
10200608.0,363765.2361098,44.0,1.0,-0.0,-0.04,-3.72,0.06,-0.12
10205228.0,363765.2807874,45.0,1.0,-0.01,-0.05,-3.54,0.37,-0.24
10209832.0,363765.3288158,46.0,1.0,-0.01,-0.04,-3.66,0.12,-0.3
10214444.0,363765.3726647,47.0,1.01,-0.01,-0.04,-3.48,0.3,-0.18
10219056.0,363765.4189349,48.0,1.0,-0.01,-0.05,-3.66,0.55,-0.3
10223672.0,363765.4687207,49.0,1.0,-0.01,-0.05,-3.41,0.24,-0.43
10228288.0,363765.511776,50.0,1.0,-0.01,-0.05,-3.41,0.43,-0.55
10232912.0,363765.5623339,51.0,1.01,-0.01,-0.05,-3.66,0.37,-0.24
10237536.0,363765.567615,52.0,1.0,-0.01,-0.04,-3.72,0.3,-0.49
10242156.0,363765.6154132,53.0,1.0,-0.0,-0.05,-3.6,0.3,-0.37
10246756.0,363765.661874,54.0,1.0,-0.01,-0.05,-3.35,0.0,-0.3
10251332.0,363765.7100842,55.0,1.0,-0.01,-0.05,-3.35,0.12,-0.24
10255948.0,363765.7569324,56.0,1.0,-0.01,-0.04,-3.29,-0.06,-0.18
10260556.0,363765.8057344,57.0,1.0,-0.0,-0.04,-3.41,0.43,-0.24
10265156.0,363765.8581994,58.0,1.0,-0.01,-0.05,-3.72,0.49,-0.24
10269780.0,363765.9058402,59.0,1.0,0.0,-0.05,-3.72,0.06,-0.18
10274372.0,363765.9562382,60.0,1.0,-0.01,-0.05,-3.6,0.12,-0.37
10278992.0,363766.0043534,61.0,1.0,-0.01,-0.05,-3.48,0.18,-0.43
10283592.0,363766.0550071,62.0,1.0,-0.0,-0.05,-3.41,0.0,-0.37
10288156.0,363766.1542958,63.0,1.0,-0.0,-0.05,-3.84,0.24,-0.49
10292752.0,363766.156184,64.0,1.0,-0.01,-0.04,-3.6,0.18,-0.3
10297360.0,363766.2567528,65.0,1.0,-0.0,-0.05,-3.41,0.18,-0.37
10301968.0,363766.3040708,66.0,1.0,-0.01,-0.05,-3.48,-0.06,-0.18
10306588.0,363766.3595416,67.0,1.0,-0.01,-0.04,-3.41,0.18,-0.18
10311192.0,363766.4079961,68.0,1.0,-0.0,-0.04,-3.54,0.24,-0.43
10315804.0,363766.4634596,69.0,1.0,-0.01,-0.04,-3.41,0.43,-0.55
10320408.0,363766.5200467,70.0,1.0,-0.01,-0.04,-3.48,0.12,-0.55
10325036.0,363766.5698433,71.0,1.0,-0.0,-0.04,-3.48,0.18,-0.43
10329640.0,363766.628311,72.0,1.0,-0.01,-0.05,-3.6,0.12,-0.3
10334256.0,363766.6782611,73.0,1.0,-0.0,-0.05,-3.29,0.3,-0.55
10338860.0,363766.7257393,74.0,1.0,-0.01,-0.05,-3.6,0.0,-0.3
10343440.0,363766.768472,75.0,1.0,-0.0,-0.05,-3.72,0.06,-0.49
10348032.0,363766.8130268,76.0,1.01,-0.01,-0.05,-3.66,0.12,-0.24
10352652.0,363766.856139,77.0,1.0,-0.01,-0.05,-3.6,-0.06,-0.49
10357256.0,363766.9010105,78.0,1.0,-0.01,-0.05,-3.48,0.18,-0.24
10361868.0,363766.9442262,79.0,1.0,-0.0,-0.05,-3.66,0.24,-0.43
10366472.0,363766.989348,80.0,1.0,-0.01,-0.05,-3.6,0.3,-0.37
10371092.0,363767.0338918,81.0,1.0,-0.0,-0.05,-3.41,0.43,-0.3
10375684.0,363767.0788772,82.0,1.0,-0.0,-0.05,-3.41,0.37,-0.3
10380292.0,363767.1256359,83.0,1.0,-0.01,-0.04,-3.66,0.37,-0.24
10384908.0,363767.1687407,84.0,1.0,-0.01,-0.05,-3.6,0.18,-0.55
10389516.0,363767.2575638,85.0,1.0,-0.01,-0.05,-3.48,0.3,-0.18
10394124.0,363767.2621724,86.0,1.0,-0.01,-0.05,-3.54,0.18,-0.12
10398744.0,363767.3099746,87.0,1.0,-0.0,-0.05,-3.6,0.12,-0.24
10403336.0,363767.355949,88.0,1.0,-0.01,-0.04,-3.66,0.12,-0.49
10407948.0,363767.4004652,89.0,1.0,-0.01,-0.05,-3.54,0.12,-0.43
10412560.0,363767.4469619,90.0,1.0,-0.0,-0.04,-3.66,0.49,-0.37
10417172.0,363767.4905785,91.0,1.0,-0.01,-0.05,-3.48,0.24,-0.12
10421784.0,363767.5382843,92.0,1.0,-0.01,-0.05,-3.78,0.43,-0.43
10426412.0,363767.5820204,93.0,1.0,-0.01,-0.04,-3.84,0.18,-0.37
10431016.0,363767.6278745,94.0,1.0,-0.0,-0.04,-3.41,0.43,-0.24
10435624.0,363767.6721891,95.0,1.0,-0.01,-0.05,-3.54,0.3,-0.3
10440228.0,363767.7189755,96.0,1.0,-0.01,-0.05,-3.54,0.3,-0.24
10444840.0,363767.8122115,97.0,1.0,-0.01,-0.04,-3.29,0.12,-0.24
10449440.0,363767.8279974,98.0,1.0,-0.01,-0.04,-3.35,0.0,-0.12
10454016.0,363767.9074716,99.0,1.0,-0.01,-0.05,-3.23,-0.06,-0.37
10458676.0,363767.9512918,100.0,1.0,-0.01,-0.04,-3.48,0.0,-0.18
10463308.0,363768.0016845,101.0,1.0,-0.01,-0.05,-3.6,0.18,-0.06
10467952.0,363768.0491443,102.0,1.0,-0.01,-0.05,-3.6,0.3,-0.12
10472624.0,363768.0992065,103.0,1.0,-0.01,-0.04,-3.54,0.06,-0.24
10477280.0,363768.1499378,104.0,1.0,-0.01,-0.05,-3.72,0.24,-0.37
10481952.0,363768.1966658,105.0,1.0,-0.01,-0.05,-3.48,0.24,-0.24
10486616.0,363768.2915144,106.0,1.0,-0.01,-0.05,-3.72,0.24,-0.37
10491276.0,363768.2933895,107.0,1.0,-0.0,-0.04,-3.66,0.24,-0.37
10495940.0,363768.3882026,108.0,1.0,-0.01,-0.04,-3.41,0.37,-0.49
10500600.0,363768.433628,109.0,1.0,-0.01,-0.04,-3.48,0.0,-0.18
10505232.0,363768.485105,110.0,1.0,-0.01,-0.04,-3.23,-0.12,-0.3
10509896.0,363768.5331233,111.0,1.0,-0.01,-0.04,-3.6,0.37,-0.49
10514576.0,363768.584252,112.0,1.0,-0.0,-0.04,-3.48,0.12,-0.43
10519232.0,363768.6329018,113.0,1.0,-0.0,-0.04,-3.66,0.24,-0.55
10523892.0,363768.6827574,114.0,1.0,-0.01,-0.05,-3.41,0.43,-0.12
10528548.0,363768.7312265,115.0,1.0,-0.01,-0.04,-3.54,0.0,-0.3
10533164.0,363768.7844186,116.0,1.0,-0.01,-0.05,-3.6,0.24,-0.18
10537820.0,363768.8354208,117.0,1.0,-0.0,-0.05,-3.29,0.37,-0.24
10542480.0,363768.8839761,118.0,1.0,-0.0,-0.05,-3.66,0.12,-0.06
10547144.0,363768.935651,119.0,1.0,-0.01,-0.04,-3.72,0.37,-0.24
10551804.0,363768.9843885,120.0,1.0,-0.0,-0.04,-3.48,0.0,-0.49
10556424.0,363769.036183,121.0,1.0,-0.01,-0.05,-3.48,0.24,-0.06
10561076.0,363769.0862722,122.0,1.0,-0.0,-0.04,-3.17,0.37,-0.18
10565748.0,363769.1372806,123.0,1.0,-0.01,-0.05,-3.48,0.3,-0.12
10570404.0,363769.2366977,124.0,1.0,-0.01,-0.05,-3.54,0.24,0.06
10575064.0,363769.2386336,125.0,1.0,-0.01,-0.05,-3.54,0.12,-0.18
10579720.0,363769.3399619,126.0,1.0,-0.01,-0.04,-3.48,0.49,-0.3
10584388.0,363769.3879537,127.0,1.0,-0.01,-0.05,-3.6,0.24,-0.43
10589068.0,363769.4427291,128.0,1.0,-0.01,-0.05,-3.54,0.24,-0.49
10593736.0,363769.4922877,129.0,1.0,-0.01,-0.05,-3.72,0.24,-0.12
10598412.0,363769.5454792,130.0,1.0,-0.01,-0.04,-3.72,0.37,-0.37
10603064.0,363769.5957006,131.0,1.0,-0.01,-0.05,-3.6,-0.06,-0.49
10607736.0,363769.649259,132.0,1.0,-0.01,-0.04,-3.72,0.37,-0.43
10612396.0,363769.7026404,133.0,1.0,-0.0,-0.05,-3.6,-0.06,-0.43
10617056.0,363769.7524042,134.0,0.99,-0.01,-0.05,-3.6,0.18,-0.24
10621708.0,363769.8058683,135.0,1.0,-0.01,-0.05,-3.41,0.0,-0.3
10626328.0,363769.8578971,136.0,1.0,-0.0,-0.05,-3.78,0.12,-0.06
10630972.0,363769.91097,137.0,1.0,-0.0,-0.05,-3.72,0.18,-0.43
10635636.0,363770.0135398,138.0,1.0,-0.01,-0.04,-3.54,0.18,-0.37
10640308.0,363770.0154744,139.0,1.0,-0.0,-0.04,-3.6,0.55,-0.49
10644960.0,363770.1189755,140.0,1.0,-0.01,-0.05,-3.6,0.43,-0.37
10649628.0,363770.1676623,141.0,1.0,-0.01,-0.05,-3.6,0.49,-0.43
10654284.0,363770.2236241,142.0,1.0,-0.01,-0.05,-3.29,0.3,-0.06
10658944.0,363770.2511845,143.0,1.0,-0.01,-0.05,-3.78,0.43,-0.37
10663608.0,363770.2818694,144.0,1.0,-0.01,-0.04,-3.35,0.43,-0.18
10668276.0,363770.3352321,145.0,1.0,-0.01,-0.05,-3.6,0.12,-0.49
10672932.0,363770.3883152,146.0,1.0,-0.01,-0.04,-3.48,0.24,-0.18
10677600.0,363770.4932629,147.0,1.0,-0.01,-0.04,-3.66,0.3,-0.37
10682256.0,363770.4952546,148.0,1.0,-0.01,-0.05,-3.66,0.18,-0.24
10686920.0,363770.6006441,149.0,1.0,-0.01,-0.05,-3.6,0.24,-0.49
10691576.0,363770.6516593,150.0,1.0,-0.0,-0.04,-3.66,0.49,-0.3
17351080.0,363770.7640536,1572.0,1.0,-0.01,-0.04,-3.54,0.18,-0.18
17355820.0,363770.820043,1573.0,1.0,-0.0,-0.04,-3.41,0.37,-0.06
17360532.0,363770.9267471,1574.0,1.0,-0.01,-0.05,-3.6,0.06,-0.43
17365248.0,363770.9287105,1575.0,1.0,-0.0,-0.05,-3.84,0.37,-0.3
17369960.0,363771.0355861,1576.0,1.0,-0.0,-0.05,-3.6,0.12,-0.3
17374668.0,363771.0873206,1577.0,1.0,-0.01,-0.06,-3.41,0.43,-0.37
17379420.0,363771.1455959,1578.0,1.0,-0.01,-0.05,-3.48,0.18,-0.3
17384132.0,363771.1980098,1579.0,1.0,-0.0,-0.05,-3.6,0.18,-0.24
17388844.0,363771.2560758,1580.0,1.0,-0.0,-0.05,-3.41,0.49,0.06
17393544.0,363771.3099831,1581.0,1.01,-0.0,-0.04,-3.35,0.06,-0.37
17398268.0,363771.3670778,1582.0,1.0,-0.01,-0.05,-3.29,0.06,-0.12
17403000.0,363771.4210603,1583.0,1.0,-0.01,-0.04,-3.48,-0.12,-0.43
17407736.0,363771.4769801,1584.0,1.0,-0.01,-0.05,-3.78,0.0,-0.37
17412416.0,363771.5326015,1585.0,1.0,-0.0,-0.04,-3.72,0.37,-0.43
17417144.0,363771.5900176,1586.0,1.0,-0.0,-0.04,-3.41,0.3,-0.24
17421852.0,363771.647295,1587.0,1.0,-0.01,-0.04,-3.48,-0.12,-0.24
17426596.0,363771.7035345,1588.0,1.0,-0.0,-0.03,-3.41,0.18,-0.24
17431304.0,363771.7603814,1589.0,1.0,-0.01,-0.03,-3.48,0.37,-0.18
17436040.0,363771.8188295,1590.0,1.0,-0.01,-0.03,-3.48,0.55,-0.24
17440780.0,363771.8728017,1591.0,1.0,-0.01,-0.04,-3.66,-0.06,-0.24
17445500.0,363771.9322762,1592.0,1.0,-0.01,-0.04,-3.41,0.79,-0.18
17450228.0,363771.9869213,1593.0,1.0,-0.01,-0.05,-3.78,0.37,-0.55
17454952.0,363772.0987856,1594.0,1.0,-0.01,-0.04,-3.6,0.37,0.12
17459664.0,363772.1243186,1595.0,1.0,-0.01,-0.04,-3.6,0.3,-0.06
17464384.0,363772.212351,1596.0,1.0,-0.0,-0.05,-3.84,0.18,-0.43
17469092.0,363772.2170566,1597.0,1.0,-0.0,-0.05,-3.35,0.3,-0.37
17473820.0,363772.2755264,1598.0,1.0,-0.01,-0.05,-3.29,0.49,-0.3
17478548.0,363772.3750058,1599.0,1.0,-0.01,-0.05,-3.54,0.18,-0.61
17483292.0,363772.3828716,1600.0,1.0,-0.0,-0.06,-3.72,0.06,-0.43
17488004.0,363772.425298,1601.0,1.01,-0.0,-0.05,-3.41,0.0,-0.43
17492684.0,363772.4736118,1602.0,1.0,-0.01,-0.05,-3.29,0.24,-0.24
17497408.0,363772.5247476,1603.0,1.0,-0.0,-0.05,-3.6,0.3,-0.18
17502120.0,363772.5286823,1604.0,1.0,-0.01,-0.05,-3.48,0.06,-0.67
17506844.0,363772.576196,1605.0,1.0,-0.01,-0.04,-3.66,0.18,-0.37
17511580.0,363772.6176165,1606.0,1.0,-0.0,-0.04,-3.41,0.37,-0.24
17516292.0,363772.665903,1607.0,1.01,-0.01,-0.04,-3.41,0.12,-0.24
17521036.0,363772.7146542,1608.0,1.0,-0.01,-0.04,-3.54,0.06,-0.3
17525744.0,363772.7187761,1609.0,1.0,-0.01,-0.05,-3.6,0.06,-0.12
17530468.0,363772.7671178,1610.0,1.0,-0.01,-0.04,-3.35,0.3,-0.3
17535200.0,363772.8117091,1611.0,1.01,-0.0,-0.04,-3.66,-0.12,-0.37
17539932.0,363772.858344,1612.0,1.0,-0.01,-0.04,-3.35,0.0,-0.24
17544612.0,363772.9082041,1613.0,1.0,-0.01,-0.04,-3.66,0.24,-0.37
17549348.0,363772.9217036,1614.0,1.0,-0.01,-0.04,-3.35,0.0,-0.3
17554012.0,363772.9981199,1615.0,1.0,-0.0,-0.04,-3.48,0.06,-0.49
17558728.0,363773.0395014,1616.0,1.0,-0.01,-0.04,-3.72,0.3,-0.12
17563452.0,363773.0889182,1617.0,1.0,-0.0,-0.04,-3.66,-0.12,-0.49
17568172.0,363773.131513,1618.0,1.0,-0.01,-0.05,-3.48,0.12,-0.3
17572904.0,363773.1822468,1619.0,1.0,-0.01,-0.05,-3.6,0.24,-0.18
17577628.0,363773.2269748,1620.0,1.0,-0.0,-0.04,-3.35,0.3,-0.06
17582332.0,363773.2742561,1621.0,1.0,-0.0,-0.05,-3.48,0.24,-0.3
17587040.0,363773.3230441,1622.0,1.0,-0.01,-0.04,-3.66,0.24,-0.49
17591760.0,363773.3658282,1623.0,1.0,-0.01,-0.05,-3.41,0.3,0.0
17596436.0,363773.4162367,1624.0,1.0,-0.0,-0.05,-3.54,0.12,-0.3
17601144.0,363773.4601064,1625.0,1.0,-0.0,-0.05,-3.66,0.06,-0.37
17605860.0,363773.5110773,1626.0,1.0,-0.01,-0.05,-3.41,0.18,-0.18
17610580.0,363773.5547679,1627.0,1.0,-0.01,-0.04,-3.54,0.12,-0.24
17615304.0,363773.6044459,1628.0,1.0,-0.01,-0.04,-3.6,0.18,-0.3
17620020.0,363773.6493365,1629.0,1.0,-0.01,-0.04,-3.72,0.49,-0.43
17624744.0,363773.6981979,1630.0,1.0,-0.01,-0.04,-3.54,0.06,-0.18
17629468.0,363773.7448587,1631.0,1.0,-0.0,-0.04,-3.48,0.0,-0.49
17634136.0,363773.7922212,1632.0,1.0,-0.01,-0.04,-3.41,0.43,-0.37
17638868.0,363773.8825621,1633.0,1.0,-0.0,-0.04,-3.41,0.3,-0.43
17643588.0,363773.8866309,1634.0,1.01,-0.0,-0.05,-3.6,-0.18,-0.06
17648312.0,363773.9356075,1635.0,1.0,-0.01,-0.04,-3.72,0.12,-0.18
17653036.0,363774.0263285,1636.0,1.01,-0.01,-0.05,-3.54,0.12,-0.24
17657788.0,363774.0311796,1637.0,1.0,-0.0,-0.04,-3.41,0.24,-0.3
17662496.0,363774.0785282,1638.0,1.0,-0.01,-0.05,-3.54,0.12,-0.49
17667228.0,363774.1418828,1639.0,1.0,-0.0,-0.05,-3.35,0.12,-0.12
17671936.0,363774.1740241,1640.0,1.0,-0.01,-0.05,-3.48,0.18,-0.24
17676672.0,363774.2214192,1641.0,1.0,-0.01,-0.04,-3.6,0.12,-0.12
17681396.0,363774.3124366,1642.0,1.0,-0.0,-0.05,-3.48,-0.12,-0.37
17686128.0,363774.3172186,1643.0,1.0,-0.01,-0.04,-3.41,0.12,-0.43
17690872.0,363774.3651241,1644.0,1.0,-0.01,-0.05,-3.48,-0.06,-0.12
17695592.0,363774.4140769,1645.0,1.0,-0.0,-0.05,-3.35,0.18,-0.61
17700316.0,363774.4579079,1646.0,1.0,-0.01,-0.05,-3.66,0.43,-0.18
17705052.0,363774.5066001,1647.0,1.0,-0.01,-0.04,-3.35,0.24,0.0
17709724.0,363774.5560587,1648.0,1.0,-0.01,-0.05,-3.6,0.3,-0.18
17714440.0,363774.6004969,1649.0,1.01,-0.0,-0.04,-3.29,0.18,-0.37
17719164.0,363774.6478879,1650.0,1.0,-0.01,-0.04,-3.35,0.24,-0.49
17723888.0,363774.6932308,1651.0,1.0,-0.01,-0.04,-3.72,0.37,-0.37
17728628.0,363774.7410831,1652.0,1.0,-0.01,-0.04,-3.54,0.12,-0.24
17733348.0,363774.7871017,1653.0,1.0,-0.01,-0.05,-3.54,0.24,-0.12
17738072.0,363774.8334161,1654.0,1.0,-0.01,-0.05,-3.48,0.24,-0.3
17742800.0,363774.8805231,1655.0,1.0,-0.01,-0.04,-3.48,-0.06,-0.24
17747532.0,363774.9266443,1656.0,1.0,-0.01,-0.04,-3.72,0.55,-0.3
17752260.0,363775.0146751,1657.0,1.0,-0.01,-0.04,-3.6,0.12,-0.49
17756972.0,363775.0195229,1658.0,1.0,-0.0,-0.04,-3.78,-0.06,-0.55
17761696.0,363775.1126507,1659.0,1.0,-0.0,-0.05,-3.35,0.06,-0.37
17766412.0,363775.1207863,1660.0,1.0,-0.01,-0.05,-3.54,0.18,-0.18
17771128.0,363775.2041019,1661.0,1.0,-0.01,-0.05,-3.54,0.0,-0.55
17775812.0,363775.2557747,1662.0,1.0,-0.01,-0.04,-3.96,0.06,-0.55
17780520.0,363775.3018401,1663.0,1.0,-0.0,-0.05,-3.54,0.24,-0.18
17785244.0,363775.3482729,1664.0,1.0,-0.01,-0.05,-3.6,0.24,-0.12
17789976.0,363775.4411431,1665.0,1.0,-0.01,-0.05,-3.9,-0.06,-0.49
17794692.0,363775.4433348,1666.0,1.0,-0.01,-0.04,-3.54,0.18,-0.49
17799424.0,363775.532909,1667.0,1.0,-0.0,-0.04,-3.66,0.37,-0.24
17804132.0,363775.5484622,1668.0,1.0,-0.01,-0.05,-3.54,0.37,-0.12
17808868.0,363775.6248672,1669.0,1.0,-0.01,-0.04,-3.48,0.43,-0.06
17813600.0,363775.6471384,1670.0,1.0,-0.01,-0.05,-3.6,0.18,-0.3
17818308.0,363775.6783834,1671.0,1.0,-0.0,-0.05,-3.6,0.43,-0.18
17823020.0,363775.7256008,1672.0,1.0,-0.01,-0.04,-3.54,0.43,-0.37
17827756.0,363775.7705866,1673.0,1.0,-0.0,-0.05,-3.48,0.37,-0.12
17832480.0,363775.8172909,1674.0,1.0,-0.01,-0.05,-3.41,0.18,-0.37
17837216.0,363775.8669537,1675.0,1.0,-0.0,-0.04,-3.35,0.0,-0.18
17841876.0,363775.9161302,1676.0,1.0,-0.01,-0.05,-3.48,0.06,-0.49
17846600.0,363775.9324327,1677.0,1.0,-0.0,-0.04,-3.35,0.37,-0.24
17851324.0,363776.0111994,1678.0,1.0,-0.01,-0.04,-3.6,0.18,-0.49
17856052.0,363776.0159829,1679.0,1.0,-0.01,-0.04,-3.66,-0.06,-0.3
17860780.0,363776.0639533,1680.0,1.0,-0.01,-0.05,-3.48,0.3,-0.18
17865504.0,363776.1563928,1681.0,1.0,-0.0,-0.05,-3.54,0.61,-0.37
17870228.0,363776.1998639,1682.0,1.0,-0.01,-0.05,-3.72,0.55,0.12
17874952.0,363776.2497593,1683.0,1.0,-0.01,-0.04,-3.66,0.18,-0.24
17879672.0,363776.299402,1684.0,1.0,-0.01,-0.05,-3.66,0.43,-0.06
17884404.0,363776.3433796,1685.0,1.0,-0.01,-0.05,-3.78,0.18,-0.37
17889128.0,363776.3940438,1686.0,1.0,-0.01,-0.04,-3.66,0.12,-0.18
17893852.0,363776.4460503,1687.0,1.0,-0.01,-0.04,-3.35,0.24,-0.3
17898580.0,363776.4899303,1688.0,1.0,-0.01,-0.04,-3.48,0.3,-0.3
17903292.0,363776.5429295,1689.0,1.0,-0.0,-0.04,-3.6,-0.06,-0.12
17908004.0,363776.5906158,1690.0,1.0,-0.01,-0.04,-3.54,0.0,-0.55
17912672.0,363776.6391126,1691.0,1.0,-0.01,-0.04,-3.54,0.06,-0.49
17917400.0,363776.6903545,1692.0,1.01,-0.0,-0.05,-3.41,0.06,-0.06
17922116.0,363776.7351407,1693.0,1.0,-0.01,-0.03,-3.41,0.06,-0.3
17926824.0,363776.7832999,1694.0,1.0,-0.0,-0.05,-3.72,0.06,-0.37
17931544.0,363776.8306681,1695.0,1.0,-0.01,-0.04,-3.48,0.06,-0.24
17936264.0,363776.9263373,1696.0,1.0,-0.01,-0.05,-3.6,0.24,-0.24
17940988.0,363776.9283659,1697.0,1.0,-0.01,-0.04,-3.48,0.18,-0.12
17945720.0,363777.048948,1698.0,1.0,-0.01,-0.04,-3.6,0.18,-0.43
17950428.0,363777.107022,1699.0,1.0,-0.0,-0.04,-3.41,0.0,-0.12
17955100.0,363777.1637918,1700.0,1.0,-0.0,-0.05,-3.66,0.3,-0.73
17959824.0,363777.2148366,1701.0,1.0,-0.01,-0.04,-3.6,0.12,-0.3
17964536.0,363777.3042628,1702.0,1.0,-0.01,-0.05,-3.41,0.67,-0.06
17969264.0,363777.3531487,1703.0,1.0,-0.01,-0.04,-3.23,0.49,-0.3
17973988.0,363777.4066789,1704.0,1.0,-0.01,-0.04,-3.29,0.3,-0.12
17978712.0,363777.431465,1705.0,1.0,-0.01,-0.04,-3.29,0.06,-0.3
17983424.0,363777.4797912,1706.0,1.0,-0.0,-0.04,-3.6,0.18,-0.18
17988132.0,363777.5633829,1707.0,1.0,-0.01,-0.05,-3.54,-0.06,-0.3
17992864.0,363777.6130077,1708.0,1.0,-0.01,-0.05,-3.41,0.3,-0.3
17997572.0,363777.6640462,1709.0,1.0,-0.0,-0.04,-3.54,0.37,-0.24
18002300.0,363777.7142637,1710.0,1.0,-0.01,-0.04,-3.54,0.3,-0.3
18007024.0,363777.7642943,1711.0,1.0,-0.01,-0.05,-3.48,0.3,-0.37
18011748.0,363777.8179607,1712.0,1.0,-0.01,-0.04,-3.66,0.24,-0.24
18016480.0,363777.8665903,1713.0,1.0,-0.01,-0.05,-3.66,0.37,-0.3
18021204.0,363777.9651045,1714.0,1.0,-0.01,-0.04,-3.6,0.06,-0.43
18025916.0,363777.9698614,1715.0,1.0,-0.01,-0.05,-3.48,0.37,-0.61
24660180.0,363778.1192197,3121.0,1.0,-0.0,-0.04,-3.35,0.73,-0.12
24664892.0,363778.16682,3122.0,1.0,-0.0,-0.05,-3.6,0.98,-0.3
24669604.0,363778.2202217,3123.0,1.0,-0.0,-0.05,-3.72,0.37,-0.18
24674340.0,363778.2736485,3124.0,1.0,-0.01,-0.05,-3.48,0.61,-0.3
24679060.0,363778.2920852,3125.0,1.0,-0.01,-0.04,-3.41,0.49,-0.18
24683788.0,363778.3750529,3126.0,1.0,-0.01,-0.05,-3.72,0.91,-0.24
24688516.0,363778.4239428,3127.0,1.0,-0.0,-0.05,-3.9,0.91,-0.3
24693224.0,363778.4775711,3128.0,1.0,-0.01,-0.04,-3.66,0.67,-0.3
24697956.0,363778.5285215,3129.0,1.0,-0.01,-0.04,-3.35,0.79,-0.24
24702680.0,363778.5800944,3130.0,1.0,-0.01,-0.05,-3.78,0.49,-0.37
24707412.0,363778.679618,3131.0,1.0,-0.01,-0.05,-3.6,0.55,-0.3
24712136.0,363778.6816148,3132.0,0.99,-0.01,-0.05,-3.66,0.73,-0.61
24716880.0,363778.7823156,3133.0,0.97,-0.01,-0.06,-3.78,1.34,-0.61
24721632.0,363778.7870326,3134.0,1.01,-0.0,-0.05,-3.48,0.91,-0.06
24726344.0,363778.8393923,3135.0,1.0,-0.01,-0.04,-3.41,1.71,-0.3
24731076.0,363778.9301112,3136.0,0.99,-0.01,-0.05,-3.54,1.16,-0.18
24735828.0,363778.949504,3137.0,0.98,-0.01,-0.06,-3.66,1.4,-0.55
24740552.0,363779.0101937,3138.0,1.0,-0.0,-0.05,-3.48,0.37,-0.18
24745280.0,363779.0467241,3139.0,1.0,-0.01,-0.03,-3.78,-0.06,-0.3
24750004.0,363779.0893207,3140.0,1.0,-0.01,-0.03,-3.48,0.55,-0.37
24754748.0,363779.1322705,3141.0,1.0,-0.01,-0.04,-3.48,0.55,-0.43
24759488.0,363779.1678868,3142.0,1.0,-0.01,-0.05,-3.54,0.12,-0.79
24764212.0,363779.2114711,3143.0,1.0,-0.01,-0.04,-3.23,0.12,-0.18
24768948.0,363779.2494313,3144.0,1.0,-0.01,-0.04,-3.54,0.06,-0.49
24773680.0,363779.2904159,3145.0,1.0,-0.01,-0.05,-3.48,0.43,-0.49
24778404.0,363779.3299946,3146.0,1.0,-0.0,-0.05,-3.6,0.18,-0.18
24783124.0,363779.3701605,3147.0,1.0,-0.0,-0.04,-3.66,0.49,-0.37
24787832.0,363779.4473961,3148.0,1.0,-0.01,-0.05,-3.72,0.24,-0.3
24792560.0,363779.4678281,3149.0,1.0,-0.01,-0.04,-3.48,0.18,-0.49
24797288.0,363779.5263788,3150.0,1.0,-0.01,-0.05,-3.41,0.43,-0.24
24802016.0,363779.5630191,3151.0,1.0,-0.01,-0.05,-3.6,0.24,-0.24
24806740.0,363779.6065932,3152.0,1.0,-0.01,-0.04,-3.41,0.49,-0.3
24811464.0,363779.6455579,3153.0,1.0,-0.01,-0.05,-3.6,0.12,-0.24
24816200.0,363779.6861506,3154.0,1.0,-0.01,-0.04,-3.48,0.0,-0.18
24820888.0,363779.7650645,3155.0,1.0,-0.01,-0.05,-3.48,0.06,-0.3
24825600.0,363779.7688535,3156.0,1.0,-0.01,-0.05,-3.54,0.43,-0.24
24830324.0,363779.8095121,3157.0,1.0,-0.0,-0.03,-3.54,0.06,-0.24
24835036.0,363779.8884714,3158.0,1.0,-0.0,-0.04,-3.48,0.55,-0.43
24839760.0,363779.8902411,3159.0,1.0,-0.01,-0.04,-3.48,0.24,-0.43
24844492.0,363779.9688748,3160.0,1.0,-0.01,-0.04,-3.48,0.24,-0.37
24849208.0,363780.006284,3161.0,1.0,-0.01,-0.04,-3.6,-0.12,-0.18
24853940.0,363780.0517189,3162.0,1.0,-0.0,-0.04,-3.35,-0.12,-0.3
24858668.0,363780.092321,3163.0,1.0,-0.0,-0.05,-3.35,0.0,-0.43
24863340.0,363780.1398282,3164.0,1.0,-0.01,-0.04,-3.6,0.37,-0.18
24868072.0,363780.178597,3165.0,1.01,-0.01,-0.05,-3.54,0.06,-0.43
24872792.0,363780.2248692,3166.0,1.0,0.0,-0.05,-3.6,0.0,-0.24
24877452.0,363780.2476154,3167.0,1.0,-0.01,-0.05,-3.41,0.18,-0.37
24882196.0,363780.3110717,3168.0,1.0,-0.0,-0.04,-3.29,0.06,-0.43
24886900.0,363780.3160167,3169.0,1.0,-0.01,-0.04,-3.54,0.3,-0.37
24891632.0,363780.3584271,3170.0,1.0,-0.0,-0.04,-3.6,0.12,-0.3
24896344.0,363780.4036322,3171.0,1.0,-0.01,-0.04,-3.54,0.0,-0.43
24901016.0,363780.408884,3172.0,1.0,-0.01,-0.04,-3.66,0.24,-0.61
24905756.0,363780.4528861,3173.0,1.0,-0.01,-0.04,-3.54,-0.18,-0.24
24910492.0,363780.5368058,3174.0,1.0,-0.01,-0.04,-3.6,0.06,-0.55
24915224.0,363780.5413096,3175.0,1.0,-0.0,-0.05,-3.66,0.12,-0.37
24919948.0,363780.5860975,3176.0,1.0,-0.0,-0.05,-3.29,0.0,-0.37
24924620.0,363780.6347473,3177.0,1.0,-0.01,-0.04,-3.35,0.06,-0.18
24929352.0,363780.6818297,3178.0,1.0,-0.01,-0.05,-3.54,0.18,-0.67
24934076.0,363780.7221046,3179.0,1.01,-0.01,-0.04,-3.54,-0.18,-0.37
24938820.0,363780.7615203,3180.0,1.0,-0.0,-0.04,-3.54,0.0,-0.3
24943488.0,363780.7954518,3181.0,1.0,-0.0,-0.05,-3.54,0.0,-0.55
24948168.0,363780.82827,3182.0,1.0,-0.0,-0.04,-3.66,0.06,-0.37
24952884.0,363780.8648723,3183.0,1.0,-0.01,-0.04,-3.48,0.06,-0.37
24957596.0,363780.8948172,3184.0,1.0,-0.01,-0.04,-3.54,0.06,-0.24
24962316.0,363780.9317215,3185.0,1.0,-0.01,-0.05,-3.48,0.43,-0.43
24967052.0,363780.9337947,3186.0,1.0,-0.01,-0.06,-3.6,-0.3,-0.37
24971788.0,363780.9965352,3187.0,1.0,-0.0,-0.04,-3.66,-0.18,-0.37
24976516.0,363780.9984187,3188.0,1.0,-0.0,-0.04,-3.35,0.0,-0.24
24981184.0,363781.0460882,3189.0,1.0,-0.01,-0.05,-3.41,0.3,-0.43
24985908.0,363781.0641976,3190.0,1.0,0.0,-0.05,-3.6,0.12,-0.24
24990600.0,363781.0978852,3191.0,1.01,-0.01,-0.03,-3.41,-0.43,-0.24
24995344.0,363781.1308458,3192.0,0.99,-0.01,-0.03,-3.48,0.12,-0.67
25000092.0,363781.1640941,3193.0,1.01,-0.0,-0.05,-3.66,0.73,0.0
25004764.0,363781.1988204,3194.0,1.0,-0.0,-0.05,-3.35,0.06,-0.12
25009476.0,363781.2333194,3195.0,1.01,-0.0,-0.03,-3.48,-0.67,-0.24
25014212.0,363781.2646923,3196.0,1.01,-0.0,-0.04,-3.6,0.0,-0.12
25018888.0,363781.2990918,3197.0,1.01,-0.01,-0.04,-3.35,0.55,-0.43
25023640.0,363781.3289505,3198.0,0.99,-0.01,-0.05,-3.54,0.55,-0.37
25028376.0,363781.3657204,3199.0,1.0,-0.0,-0.05,-3.41,0.49,-0.24
25033100.0,363781.3977986,3200.0,1.0,-0.0,-0.04,-3.6,0.06,-0.37
25037812.0,363781.4326874,3201.0,1.01,-0.01,-0.03,-3.48,-0.12,-0.24
25042552.0,363781.4657797,3202.0,1.0,-0.01,-0.03,-3.6,0.0,-0.12
25047236.0,363781.5025841,3203.0,1.0,-0.01,-0.05,-3.48,0.43,-0.24
25051960.0,363781.5397641,3204.0,1.0,-0.0,-0.05,-3.66,0.61,-0.24
25056684.0,363781.5699917,3205.0,1.01,-0.0,-0.05,-3.6,0.37,-0.18
25061416.0,363781.6082503,3206.0,1.0,-0.01,-0.04,-3.54,0.12,-0.43
25066140.0,363781.6102697,3207.0,1.0,-0.01,-0.04,-3.23,0.49,-0.24
25070876.0,363781.6444433,3208.0,1.0,-0.0,-0.05,-3.54,0.24,-0.24
25075588.0,363781.6815182,3209.0,1.0,-0.0,-0.05,-3.35,0.06,-0.3
25080288.0,363781.7167512,3210.0,1.0,-0.0,-0.05,-3.23,0.37,0.06
25084996.0,363781.7500053,3211.0,1.0,-0.0,-0.05,-3.48,0.06,-0.18
25089704.0,363781.7860328,3212.0,1.0,-0.01,-0.04,-3.72,0.06,-0.37
25094432.0,363781.8193203,3213.0,1.0,-0.0,-0.05,-3.54,0.12,-0.43
25099156.0,363781.8545302,3214.0,1.0,-0.0,-0.05,-3.6,0.18,-0.12
25103868.0,363781.8931234,3215.0,1.0,-0.0,-0.05,-3.41,0.37,-0.49
25108596.0,363781.9237155,3216.0,1.0,-0.01,-0.05,-3.6,0.06,-0.24
25113308.0,363781.9613186,3217.0,1.0,-0.01,-0.04,-3.6,-0.06,-0.06
25118024.0,363781.9957906,3218.0,1.0,-0.01,-0.05,-3.66,0.24,-0.18
25122756.0,363782.0319914,3219.0,1.0,-0.01,-0.04,-3.35,-0.06,-0.3
25127484.0,363782.0548908,3220.0,1.0,-0.01,-0.04,-3.48,0.18,-0.24
25132212.0,363782.0730162,3221.0,1.0,-0.01,-0.05,-3.35,0.12,-0.3
25136924.0,363782.1383467,3222.0,1.0,-0.01,-0.05,-3.66,-0.06,-0.24
25141648.0,363782.1404167,3223.0,1.0,-0.01,-0.04,-3.54,-0.06,-0.3
25146380.0,363782.2064604,3224.0,1.0,-0.01,-0.04,-3.54,0.12,-0.12
25151108.0,363782.2106926,3225.0,1.0,-0.0,-0.04,-3.48,-0.24,-0.3
25155836.0,363782.246207,3226.0,1.0,-0.0,-0.04,-3.41,0.18,-0.24
25160544.0,363782.3115214,3227.0,1.0,-0.01,-0.05,-3.6,0.18,-0.37
25165268.0,363782.3259818,3228.0,1.0,-0.01,-0.04,-3.6,0.12,-0.3
25169984.0,363782.3805072,3229.0,1.0,-0.0,-0.05,-3.54,0.06,0.0
25174644.0,363782.3853756,3230.0,1.0,-0.01,-0.05,-3.66,0.12,-0.43
25179384.0,363782.4203444,3231.0,1.0,-0.01,-0.04,-3.72,0.24,-0.37
25184108.0,363782.453459,3232.0,1.0,-0.0,-0.04,-3.54,-0.06,-0.37
25188832.0,363782.4897874,3233.0,1.0,-0.01,-0.05,-3.54,0.55,-0.18
25193568.0,363782.5230155,3234.0,1.0,-0.01,-0.04,-3.54,0.37,-0.24
25198292.0,363782.5632613,3235.0,1.0,-0.0,-0.04,-3.66,0.0,-0.18
25202968.0,363782.5991495,3236.0,1.0,-0.01,-0.04,-3.35,0.37,-0.37
25207700.0,363782.6143016,3237.0,1.0,-0.01,-0.04,-3.48,0.0,-0.43
25212380.0,363782.668558,3238.0,1.0,-0.0,-0.04,-3.54,0.37,-0.43
25217112.0,363782.6738997,3239.0,1.0,-0.0,-0.04,-3.66,0.06,-0.18
25221820.0,363782.7114803,3240.0,1.0,-0.01,-0.05,-3.6,0.18,-0.49
25226548.0,363782.7474548,3241.0,1.0,-0.01,-0.04,-3.29,0.12,-0.3
25231268.0,363782.7832874,3242.0,1.0,-0.0,-0.04,-3.48,0.0,-0.43
25235936.0,363782.8231592,3243.0,1.0,-0.01,-0.04,-3.48,0.06,-0.3
25240656.0,363782.8570084,3244.0,1.0,-0.0,-0.05,-3.29,-0.06,-0.3
25245368.0,363782.8927842,3245.0,1.0,-0.0,-0.04,-3.6,0.24,-0.37
25250076.0,363782.9320261,3246.0,1.0,-0.01,-0.04,-3.48,0.55,-0.24
25254804.0,363782.964562,3247.0,1.0,-0.0,-0.05,-3.48,0.06,-0.37
25259512.0,363783.0042099,3248.0,1.0,-0.01,-0.04,-3.48,0.12,-0.43
25264252.0,363783.0373936,3249.0,1.0,-0.0,-0.04,-3.6,0.06,-0.18
25268944.0,363783.0742795,3250.0,1.0,-0.0,-0.04,-3.41,0.24,-0.49
25273656.0,363783.1134425,3251.0,1.0,-0.0,-0.05,-3.54,-0.06,-0.37
25278380.0,363783.1453972,3252.0,1.0,-0.01,-0.05,-3.72,0.43,-0.24
25283104.0,363783.2127978,3253.0,1.0,-0.01,-0.04,-3.54,0.37,-0.3
25287836.0,363783.216885,3254.0,1.01,-0.0,-0.04,-3.48,0.12,-0.37
25292556.0,363783.2527786,3255.0,1.0,-0.0,-0.05,-3.54,0.0,-0.55
25297236.0,363783.3186887,3256.0,1.0,-0.01,-0.04,-3.54,0.06,-0.3
25301948.0,363783.3496294,3257.0,1.01,-0.0,-0.04,-3.54,0.06,-0.43
25306672.0,363783.3875165,3258.0,1.0,-0.01,-0.04,-3.54,0.24,-0.61
25311400.0,363783.4204062,3259.0,1.0,-0.01,-0.04,-3.35,0.43,-0.12
25316128.0,363783.4583405,3260.0,1.0,-0.0,-0.04,-3.54,-0.06,-0.49
25320840.0,363783.4903117,3261.0,1.01,-0.01,-0.05,-3.6,0.06,-0.12
25325564.0,363783.5292493,3262.0,1.0,-0.01,-0.04,-3.66,0.24,-0.49
25330288.0,363783.560453,3263.0,1.01,-0.01,-0.05,-3.78,0.0,-0.3
25334964.0,363783.5985214,3264.0,1.01,-0.01,-0.04,-3.48,-0.06,-0.37
25339700.0,363783.6367532,3265.0,1.0,-0.01,-0.05,-3.6,0.12,-0.49
25344424.0,363783.6700072,3266.0,1.0,-0.01,-0.04,-3.6,-0.06,-0.24
25349152.0,363783.7061085,3267.0,1.0,-0.0,-0.05,-3.66,0.18,-0.12
25353872.0,363783.7401594,3268.0,1.0,-0.01,-0.04,-3.54,0.18,-0.3
25358604.0,363783.777758,3269.0,1.0,-0.01,-0.05,-3.54,0.24,-0.37
25363328.0,363783.8140116,3270.0,1.0,-0.01,-0.04,-3.54,0.12,-0.24
25368060.0,363783.8479141,3271.0,1.0,-0.0,-0.03,-3.6,0.06,-0.24
25372764.0,363783.8838982,3272.0,1.0,-0.01,-0.05,-3.29,0.0,-0.18
25377436.0,363783.921027,3273.0,1.0,-0.01,-0.05,-3.78,0.18,-0.49
25382164.0,363783.9672681,3274.0,1.0,-0.01,-0.04,-3.48,0.06,-0.55
25386888.0,363784.0223671,3275.0,1.0,-0.0,-0.04,-3.6,0.37,-0.3
25391600.0,363784.0534645,3276.0,1.0,-0.01,-0.04,-3.54,0.3,-0.37
25396332.0,363784.0939743,3277.0,1.01,-0.01,-0.05,-3.54,0.18,-0.3
25401056.0,363784.1295842,3278.0,0.99,-0.01,-0.05,-3.48,-0.12,-0.55
25405792.0,363784.1653739,3279.0,1.0,-0.01,-0.04,-3.48,-0.18,-0.18
25410536.0,363784.2337653,3280.0,1.0,-0.01,-0.04,-3.72,0.3,-0.12
25415260.0,363784.2658652,3281.0,1.0,-0.0,-0.05,-3.41,0.06,-0.37
25419984.0,363784.3045625,3282.0,1.0,-0.01,-0.05,-3.54,0.55,0.0
25424656.0,363784.3445538,3283.0,1.01,-0.0,-0.05,-3.41,0.12,-0.3
25429380.0,363784.3465907,3284.0,1.01,-0.01,-0.04,-3.48,0.3,-0.3
25434104.0,363784.4152964,3285.0,1.0,-0.01,-0.04,-3.35,0.12,-0.3
25438828.0,363784.4545325,3286.0,1.0,-0.0,-0.04,-3.66,0.37,-0.49
25443556.0,363784.48585,3287.0,1.0,-0.0,-0.05,-3.66,0.18,0.06
25448248.0,363784.5257923,3288.0,1.0,-0.01,-0.04,-3.54,0.24,-0.3
25452972.0,363784.5959478,3289.0,1.01,-0.01,-0.04,-3.48,0.24,-0.12
25457712.0,363784.6277361,3290.0,1.0,-0.01,-0.04,-3.41,0.37,-0.3
25462436.0,363784.6662236,3291.0,1.0,-0.0,-0.05,-3.72,0.24,-0.43
25467164.0,363784.6978192,3292.0,1.0,-0.0,-0.05,-3.48,0.3,-0.24
25471872.0,363784.7366815,3293.0,1.0,-0.0,-0.04,-3.6,0.0,-0.49
25476540.0,363784.7762908,3294.0,1.0,-0.01,-0.04,-3.48,0.06,-0.37
25481272.0,363784.8104417,3295.0,1.0,-0.01,-0.04,-3.54,0.12,-0.18
25485996.0,363784.8471048,3296.0,1.0,-0.01,-0.05,-3.48,0.49,-0.43
25490720.0,363784.8853536,3297.0,1.0,-0.0,-0.04,-3.48,0.18,-0.18
25495428.0,363784.919424,3298.0,0.99,-0.01,-0.04,-3.48,0.0,-0.43
25500108.0,363784.9565225,3299.0,1.0,-0.0,-0.05,-3.48,0.12,-0.06
25504824.0,363784.9958245,3300.0,1.0,-0.01,-0.04,-3.78,0.3,-0.49
25509532.0,363785.0294351,3301.0,1.0,-0.01,-0.04,-3.54,0.0,-0.55
25514216.0,363785.0993454,3302.0,1.0,-0.0,-0.05,-3.54,0.18,-0.06
25518928.0,363785.1317134,3303.0,1.0,-0.01,-0.04,-3.54,0.12,-0.3
25523652.0,363785.1704644,3304.0,1.0,-0.0,-0.05,-3.23,0.37,-0.37
25528384.0,363785.204462,3305.0,1.0,-0.01,-0.05,-3.41,0.18,-0.37
25533116.0,363785.2428323,3306.0,1.0,-0.0,-0.04,-3.72,0.37,0.0
25537792.0,363785.2788706,3307.0,1.0,-0.01,-0.04,-3.6,0.24,-0.43
25542500.0,363785.3149796,3308.0,1.0,-0.0,-0.04,-3.6,0.12,-0.3
25547212.0,363785.385065,3309.0,1.0,-0.01,-0.04,-3.54,0.18,-0.43
25551952.0,363785.3870354,3310.0,1.0,-0.01,-0.04,-3.54,0.37,-0.24
25556684.0,363785.455725,3311.0,1.0,-0.01,-0.04,-3.66,0.3,-0.3
25561408.0,363785.4608049,3312.0,1.0,-0.01,-0.05,-3.54,0.12,-0.24
25566144.0,363785.4979885,3313.0,1.0,-0.01,-0.04,-3.66,0.18,-0.43
25570880.0,363785.5681645,3314.0,1.0,-0.01,-0.05,-3.41,0.18,-0.12
25575620.0,363785.5730574,3315.0,1.0,-0.0,-0.04,-3.66,0.06,0.12
25580312.0,363785.6110185,3316.0,1.0,-0.0,-0.04,-3.35,0.43,-0.18
32207732.0,363785.6817191,4720.0,1.0,-0.01,-0.05,-3.41,0.18,-0.37
32212464.0,363785.7146764,4721.0,1.0,-0.01,-0.05,-3.78,-0.06,-0.49
32217196.0,363785.7543537,4722.0,1.01,-0.01,-0.04,-3.6,0.06,-0.18
32221908.0,363785.7890561,4723.0,1.0,-0.0,-0.04,-3.6,0.3,-0.49
32226608.0,363785.82788,4724.0,1.0,-0.01,-0.04,-3.35,0.12,-0.3
32231332.0,363785.8647764,4725.0,1.0,-0.01,-0.04,-3.35,0.24,-0.37
32236068.0,363785.9015996,4726.0,1.0,-0.0,-0.05,-3.66,0.18,-0.3
32240784.0,363785.9728549,4727.0,1.0,-0.01,-0.05,-3.66,0.55,-0.12
32245508.0,363785.9895633,4728.0,1.0,-0.01,-0.05,-3.48,0.12,-0.24
32250240.0,363786.0141259,4729.0,1.01,-0.01,-0.05,-3.41,0.18,-0.24
32254992.0,363786.0516364,4730.0,1.0,-0.01,-0.05,-3.54,0.24,-0.24
32259720.0,363786.0887097,4731.0,1.0,-0.01,-0.05,-3.66,0.12,-0.55
32264464.0,363786.124285,4732.0,1.0,-0.0,-0.05,-3.48,0.12,-0.3
32269176.0,363786.1621992,4733.0,1.0,-0.01,-0.05,-3.54,0.06,-0.24
32273900.0,363786.2041063,4734.0,1.0,-0.01,-0.04,-3.6,0.3,-0.3
32278616.0,363786.2400458,4735.0,1.0,-0.0,-0.04,-3.41,0.43,-0.37
32283344.0,363786.2801616,4736.0,1.0,-0.01,-0.04,-3.48,0.43,-0.37
32288076.0,363786.3158938,4737.0,1.0,-0.01,-0.04,-3.66,0.12,-0.3
32292800.0,363786.354938,4738.0,1.0,-0.0,-0.05,-3.66,0.3,-0.24
32297512.0,363786.3971912,4739.0,1.0,-0.0,-0.04,-3.41,0.49,-0.49
32302244.0,363786.4304246,4740.0,1.0,-0.01,-0.04,-3.29,0.37,-0.49
32306956.0,363786.4729789,4741.0,1.0,-0.0,-0.04,-3.41,0.49,-0.3
32311668.0,363786.5101184,4742.0,1.0,-0.0,-0.05,-3.48,0.24,-0.12
32316392.0,363786.5523224,4743.0,1.0,-0.0,-0.04,-3.6,0.24,-0.49
32321120.0,363786.5880869,4744.0,1.0,-0.01,-0.05,-3.72,0.06,-0.24
32325848.0,363786.6308414,4745.0,1.0,-0.01,-0.04,-3.48,0.06,-0.49
32330560.0,363786.6703036,4746.0,1.0,-0.0,-0.04,-3.66,0.06,-0.73
32335272.0,363786.7105065,4747.0,1.0,-0.01,-0.05,-3.41,0.24,-0.55
32340012.0,363786.7448141,4748.0,1.0,-0.01,-0.04,-3.84,0.43,-0.49
32344736.0,363786.7817493,4749.0,1.0,-0.01,-0.04,-3.48,0.18,-0.12
32349468.0,363786.8211421,4750.0,1.0,-0.0,-0.04,-3.6,0.24,-0.18
32354168.0,363786.8607178,4751.0,1.0,-0.01,-0.05,-3.41,0.37,-0.37
32358904.0,363786.895852,4752.0,1.0,-0.01,-0.05,-3.41,0.18,-0.43
32363648.0,363786.9340592,4753.0,1.0,-0.01,-0.04,-3.48,0.3,-0.06
32368360.0,363786.9694498,4754.0,1.0,-0.01,-0.04,-3.54,0.18,-0.43
32373096.0,363787.0086134,4755.0,1.0,-0.0,-0.04,-3.35,0.06,-0.43
32377804.0,363787.0509453,4756.0,1.0,-0.01,-0.05,-3.48,0.3,-0.3
32382532.0,363787.0842706,4757.0,1.0,-0.01,-0.04,-3.41,0.12,-0.37
32387280.0,363787.126455,4758.0,1.0,-0.0,-0.04,-3.72,0.24,-0.24
32391996.0,363787.2367331,4759.0,1.0,-0.01,-0.04,-3.48,0.06,-0.18
32396720.0,363787.2976441,4760.0,1.0,-0.0,-0.04,-3.48,0.06,-0.43
32401440.0,363787.3649487,4761.0,1.0,-0.01,-0.04,-3.41,0.24,-0.18
32406160.0,363787.4221155,4762.0,1.0,-0.0,-0.04,-3.6,0.3,-0.43
32410876.0,363787.4549395,4763.0,1.0,-0.0,-0.04,-3.66,0.06,-0.18
32415580.0,363787.4965942,4764.0,1.0,-0.0,-0.05,-3.72,0.06,-0.37
32420304.0,363787.5296782,4765.0,1.01,-0.0,-0.05,-3.35,0.06,-0.3
32425020.0,363787.5711173,4766.0,1.0,-0.01,-0.04,-3.66,0.24,-0.24
32429748.0,363787.5806699,4767.0,1.0,-0.01,-0.05,-3.66,0.24,-0.37
32434484.0,363787.6300686,4768.0,1.0,-0.0,-0.05,-3.48,0.37,-0.3
32439208.0,363787.6865017,4769.0,1.0,-0.0,-0.04,-3.66,0.18,-0.24
32443932.0,363787.718923,4770.0,1.0,-0.01,-0.04,-3.35,0.24,-0.3
32448664.0,363787.7617163,4771.0,1.0,-0.01,-0.04,-3.66,0.18,-0.49
32453376.0,363787.8036083,4772.0,1.0,-0.01,-0.04,-3.48,0.18,0.12
32458096.0,363787.8367688,4773.0,1.0,-0.0,-0.04,-3.54,0.18,-0.18
32462812.0,363787.8793078,4774.0,1.0,-0.0,-0.05,-3.6,0.61,-0.18
32467524.0,363787.9152008,4775.0,1.0,-0.0,-0.05,-3.35,0.24,-0.37
32472252.0,363787.9544953,4776.0,1.0,-0.0,-0.04,-3.41,0.12,-0.3
32476968.0,363787.9968248,4777.0,1.0,-0.01,-0.04,-3.54,0.24,-0.12
32481692.0,363788.0144037,4778.0,1.0,-0.01,-0.04,-3.66,0.12,-0.3
32486424.0,363788.0726906,4779.0,1.0,-0.0,-0.04,-3.6,-0.37,-0.24
32491144.0,363788.1066828,4780.0,1.0,-0.01,-0.05,-3.48,0.18,-0.43
32495884.0,363788.1501922,4781.0,1.0,-0.0,-0.05,-3.54,0.06,-0.18
32500588.0,363788.1874102,4782.0,1.0,-0.01,-0.05,-3.41,0.49,-0.49
32505308.0,363788.2285735,4783.0,1.0,-0.01,-0.05,-3.29,0.0,-0.3
32509996.0,363788.2717369,4784.0,1.0,-0.0,-0.05,-3.6,0.18,0.06
32514688.0,363788.3067855,4785.0,1.0,-0.01,-0.05,-3.6,0.24,-0.3
32519404.0,363788.3508976,4786.0,1.0,-0.01,-0.05,-3.78,0.3,-0.3
32524112.0,363788.3880224,4787.0,1.0,-0.0,-0.05,-3.41,0.37,-0.3
32528840.0,363788.4294521,4788.0,1.0,-0.0,-0.04,-3.6,0.12,-0.37
32533556.0,363788.4665077,4789.0,1.0,-0.0,-0.04,-3.72,0.24,-0.24
32538268.0,363788.507768,4790.0,1.0,-0.01,-0.04,-3.54,0.18,-0.49
32543000.0,363788.5456194,4791.0,1.0,-0.01,-0.04,-3.78,0.43,-0.3
32547724.0,363788.5859516,4792.0,1.0,-0.01,-0.04,-3.72,0.49,-0.12
32552460.0,363788.6271927,4793.0,1.0,-0.0,-0.04,-3.6,0.3,-0.3
32557180.0,363788.6644679,4794.0,1.0,-0.01,-0.04,-3.23,0.24,0.0
32561860.0,363788.7400514,4795.0,1.0,-0.01,-0.04,-3.66,0.18,-0.49
32566584.0,363788.7446258,4796.0,1.0,-0.01,-0.05,-3.6,0.37,-0.3
32571308.0,363788.7857715,4797.0,1.01,-0.01,-0.05,-3.41,0.18,-0.49
32576056.0,363788.862066,4798.0,0.99,-0.01,-0.04,-3.66,0.18,-0.55
32580796.0,363788.8638696,4799.0,1.0,-0.0,-0.04,-3.66,-0.12,-0.43
32585520.0,363788.9389579,4800.0,1.0,-0.01,-0.04,-3.35,0.3,-0.3
32590244.0,363788.9574567,4801.0,1.0,-0.01,-0.04,-3.29,0.06,-0.37
32594976.0,363789.0170133,4802.0,1.0,-0.01,-0.05,-3.54,0.18,-0.37
32599708.0,363789.0510246,4803.0,1.0,-0.01,-0.04,-3.72,0.12,-0.18
32604448.0,363789.093365,4804.0,1.0,-0.0,-0.04,-3.6,0.18,-0.49
32609136.0,363789.1276722,4805.0,1.0,-0.01,-0.05,-3.72,0.06,-0.49
32613860.0,363789.1699608,4806.0,1.0,-0.01,-0.05,-3.23,0.24,-0.3
32618592.0,363789.2136703,4807.0,1.0,-0.01,-0.04,-3.23,0.18,-0.3
32623304.0,363789.2491962,4808.0,1.0,-0.0,-0.04,-3.48,0.12,-0.37
32628028.0,363789.292252,4809.0,1.01,-0.01,-0.04,-3.6,0.12,-0.37
32632760.0,363789.3275202,4810.0,1.0,-0.01,-0.05,-3.6,0.24,-0.43
32637484.0,363789.3708172,4811.0,1.0,-0.01,-0.05,-3.54,0.12,-0.49
32642232.0,363789.4069781,4812.0,1.0,-0.0,-0.05,-3.6,0.24,-0.55
32646940.0,363789.4494572,4813.0,1.0,-0.0,-0.05,-3.54,0.49,-0.61
32651676.0,363789.4849202,4814.0,1.0,-0.01,-0.04,-3.78,0.18,-0.24
32656408.0,363789.5278385,4815.0,1.0,-0.0,-0.05,-3.54,0.49,-0.37
32661124.0,363789.5669331,4816.0,1.0,-0.01,-0.04,-3.72,0.24,-0.37
32665856.0,363789.6089872,4817.0,1.0,-0.01,-0.05,-3.66,0.37,-0.24
32670580.0,363789.6856329,4818.0,1.0,-0.01,-0.05,-3.48,0.3,-0.43
32675304.0,363789.7202132,4819.0,1.0,-0.01,-0.05,-3.41,0.43,-0.24
32680044.0,363789.7638731,4820.0,1.0,-0.0,-0.05,-3.48,0.12,-0.06
32684756.0,363789.7696728,4821.0,1.0,-0.01,-0.05,-3.48,-0.06,-0.3
32689480.0,363789.810183,4822.0,1.0,-0.0,-0.04,-3.72,0.24,-0.18
32694188.0,363789.8860706,4823.0,1.0,-0.0,-0.05,-3.48,0.18,-0.43
32698912.0,363789.9213107,4824.0,1.01,-0.0,-0.04,-3.35,0.61,-0.3
32703644.0,363789.9650085,4825.0,1.0,-0.01,-0.05,-3.48,0.24,-0.18
32708368.0,363790.0023289,4826.0,1.0,-0.0,-0.05,-3.54,0.37,-0.24
32713092.0,363790.0436758,4827.0,1.0,-0.01,-0.05,-3.66,0.43,-0.43
32717840.0,363790.0826223,4828.0,1.0,-0.01,-0.05,-3.66,0.55,-0.18
32722556.0,363790.1224088,4829.0,1.0,-0.01,-0.05,-3.48,0.24,-0.3
32727288.0,363790.1632111,4830.0,1.0,-0.01,-0.05,-3.41,0.12,-0.3
32732012.0,363790.2025525,4831.0,1.0,-0.01,-0.04,-3.48,0.61,-0.43
32736748.0,363790.2417843,4832.0,1.0,-0.01,-0.04,-3.48,0.37,-0.37
32741488.0,363790.2827855,4833.0,1.01,-0.0,-0.05,-3.48,0.12,-0.37
32746212.0,363790.3442289,4834.0,1.0,-0.01,-0.05,-3.48,0.12,-0.49
32750944.0,363790.3624164,4835.0,1.0,-0.01,-0.04,-3.35,0.0,-0.3
32755624.0,363790.4393195,4836.0,1.01,-0.01,-0.04,-3.35,0.0,-0.06
32760304.0,363790.4595788,4837.0,1.0,-0.0,-0.05,-3.48,0.43,-0.24
32765032.0,363790.5192011,4838.0,1.0,-0.01,-0.04,-3.41,0.3,-0.18
32769756.0,363790.5213306,4839.0,1.0,-0.01,-0.04,-3.35,0.0,-0.49
32774432.0,363790.5989132,4840.0,1.0,-0.01,-0.05,-3.66,0.37,-0.24
32779148.0,363790.6009794,4841.0,1.0,-0.0,-0.05,-3.48,0.0,0.0
32783776.0,363790.679035,4842.0,1.0,-0.01,-0.04,-3.29,0.3,-0.43
32788508.0,363790.6809021,4843.0,1.0,-0.0,-0.04,-3.66,0.24,-0.37
32793212.0,363790.7595096,4844.0,1.0,-0.01,-0.05,-3.6,0.24,-0.24
32797940.0,363790.7616169,4845.0,1.0,-0.01,-0.04,-3.41,-0.06,-0.3
32802656.0,363790.8394688,4846.0,1.0,-0.01,-0.05,-3.72,0.24,-0.12
32807380.0,363790.8755145,4847.0,1.0,-0.0,-0.05,-3.66,-0.06,-0.43
32812108.0,363790.9193116,4848.0,1.0,-0.01,-0.04,-3.48,0.0,-0.43
32816780.0,363790.9581158,4849.0,1.0,-0.01,-0.05,-3.6,0.18,-0.06
32821496.0,363790.9997456,4850.0,1.0,-0.0,-0.04,-3.6,0.24,-0.37
32826200.0,363791.0386565,4851.0,1.0,-0.0,-0.04,-3.66,0.55,-0.61
32830924.0,363791.0809385,4852.0,1.0,-0.01,-0.05,-3.41,0.24,-0.24
32835656.0,363791.1204303,4853.0,1.0,-0.0,-0.05,-3.41,0.49,-0.24
32840368.0,363791.1624505,4854.0,1.0,-0.0,-0.05,-3.66,0.18,-0.3
32845084.0,363791.203097,4855.0,1.0,-0.01,-0.04,-3.41,0.12,-0.24
32849808.0,363791.243229,4856.0,1.0,-0.01,-0.05,-3.6,0.06,-0.43
32854516.0,363791.2860671,4857.0,1.0,-0.01,-0.05,-3.6,0.43,-0.3
32859232.0,363791.3230949,4858.0,1.0,-0.01,-0.04,-3.54,0.49,-0.18
32863956.0,363791.3661701,4859.0,1.01,-0.0,-0.05,-3.84,0.12,-0.3
32868684.0,363791.4046137,4860.0,1.0,-0.01,-0.05,-3.48,-0.06,-0.24
32873416.0,363791.4834422,4861.0,1.0,-0.01,-0.04,-3.41,0.37,-0.3
32878144.0,363791.5036013,4862.0,1.0,-0.0,-0.05,-3.54,0.24,-0.49
32882872.0,363791.5636387,4863.0,1.0,-0.01,-0.04,-3.35,0.24,-0.18
32887596.0,363791.6000828,4864.0,1.0,-0.01,-0.04,-3.35,0.37,-0.67
32892332.0,363791.6450214,4865.0,1.0,-0.01,-0.04,-3.66,0.18,-0.24
32897060.0,363791.6817113,4866.0,1.0,-0.01,-0.05,-3.66,-0.06,-0.49
32901780.0,363791.7269792,4867.0,1.0,-0.01,-0.05,-3.48,0.24,-0.43
32906520.0,363791.7661246,4868.0,1.0,-0.01,-0.05,-3.41,0.18,-0.37
32911256.0,363791.8086092,4869.0,1.0,-0.0,-0.04,-3.54,0.18,-0.3
32915968.0,363791.8485501,4870.0,1.0,-0.0,-0.04,-3.72,0.12,-0.49
32920696.0,363791.8912948,4871.0,1.01,-0.01,-0.04,-3.48,0.3,-0.37
32925420.0,363791.93192,4872.0,1.0,-0.01,-0.04,-3.66,0.18,-0.37
32930144.0,363791.9763702,4873.0,1.0,-0.01,-0.04,-3.48,0.12,-0.37
32934872.0,363792.0193194,4874.0,1.0,-0.0,-0.05,-3.6,0.12,-0.37
32939596.0,363792.0599311,4875.0,1.0,-0.01,-0.05,-3.6,0.3,-0.3
32944312.0,363792.1037652,4876.0,1.0,-0.0,-0.04,-3.6,0.37,-0.49
32949024.0,363792.1458325,4877.0,1.0,-0.01,-0.05,-3.78,0.06,-0.24
32953756.0,363792.185576,4878.0,1.0,-0.01,-0.04,-3.72,0.37,-0.49
32958488.0,363792.2283932,4879.0,1.0,-0.0,-0.05,-3.35,0.18,-0.3
32963192.0,363792.275058,4880.0,1.0,-0.01,-0.04,-3.11,0.24,-0.24
32967920.0,363792.3547724,4881.0,1.0,-0.01,-0.05,-3.41,0.37,-0.24
32972644.0,363792.399601,4882.0,1.0,-0.0,-0.05,-3.48,0.37,-0.18
32977372.0,363792.4013647,4883.0,1.0,-0.0,-0.04,-3.54,0.49,-0.24
32982088.0,363792.4431574,4884.0,1.0,-0.01,-0.05,-3.35,0.12,-0.49
32986808.0,363792.4839647,4885.0,1.0,-0.0,-0.05,-3.41,0.37,0.0
32991484.0,363792.5296279,4886.0,1.0,-0.01,-0.04,-3.48,0.24,-0.24
32996196.0,363792.5686237,4887.0,1.0,-0.01,-0.04,-3.48,-0.06,-0.37
33000916.0,363792.6118095,4888.0,1.0,-0.0,-0.05,-3.6,0.0,-0.37
33005588.0,363792.6576423,4889.0,1.0,-0.01,-0.04,-3.48,0.24,-0.3
33010308.0,363792.6954756,4890.0,1.0,-0.0,-0.05,-3.54,0.24,-0.24
33015024.0,363792.7412784,4891.0,1.0,-0.01,-0.05,-3.48,0.3,-0.12
33019736.0,363792.7866044,4892.0,1.0,-0.01,-0.05,-3.54,0.12,-0.3
33024464.0,363792.8323722,4893.0,1.0,-0.01,-0.05,-3.6,0.24,-0.3
33029180.0,363792.8341404,4894.0,1.0,-0.01,-0.05,-3.35,-0.18,-0.37
33033916.0,363792.8798597,4895.0,1.0,-0.01,-0.04,-3.78,0.12,0.12
33038636.0,363792.919638,4896.0,1.0,-0.0,-0.05,-3.41,0.12,-0.37
33043360.0,363792.9630652,4897.0,1.0,-0.01,-0.04,-3.48,0.3,-0.37
33048084.0,363793.0030109,4898.0,1.0,-0.01,-0.05,-3.35,0.43,-0.43
33052824.0,363793.0469114,4899.0,1.01,-0.01,-0.04,-3.35,0.24,-0.49
33057548.0,363793.0936058,4900.0,1.0,-0.0,-0.04,-3.54,0.24,-0.37
33062272.0,363793.1393838,4901.0,1.0,-0.01,-0.05,-3.78,0.24,-0.24
33066996.0,363793.145004,4902.0,1.0,-0.01,-0.04,-3.41,0.18,-0.37
39704988.0,363793.2703015,6308.0,1.0,-0.01,-0.05,-3.48,0.3,-0.37
39709716.0,363793.2769161,6309.0,1.01,-0.01,-0.04,-3.6,0.0,-0.37
39714400.0,363793.358058,6310.0,1.0,-0.01,-0.04,-3.23,0.24,-0.3
39719132.0,363793.3957128,6311.0,1.0,-0.01,-0.04,-3.78,0.18,-0.43
39723860.0,363793.442014,6312.0,1.0,-0.0,-0.04,-3.66,0.43,-0.06
39728572.0,363793.4822302,6313.0,1.0,-0.0,-0.05,-3.41,0.18,-0.18
39733304.0,363793.5257999,6314.0,1.0,-0.01,-0.05,-3.72,0.3,-0.3
39738016.0,363793.5716428,6315.0,1.0,-0.01,-0.04,-3.54,0.55,-0.18
39742748.0,363793.6177312,6316.0,1.0,-0.0,-0.04,-3.29,0.18,-0.49
39747460.0,363793.6562219,6317.0,1.0,-0.0,-0.05,-3.6,-0.06,-0.24
39752176.0,363793.7020809,6318.0,1.0,-0.01,-0.05,-3.78,0.3,-0.37
39756908.0,363793.7480523,6319.0,1.0,-0.01,-0.04,-3.9,0.06,-0.43
39761616.0,363793.7537261,6320.0,1.0,-0.01,-0.04,-3.78,0.0,-0.43
39766304.0,363793.7963064,6321.0,1.0,-0.01,-0.05,-3.41,0.18,-0.43
39771036.0,363793.8425032,6322.0,1.0,-0.0,-0.05,-3.54,0.18,0.0
39775712.0,363793.8831686,6323.0,1.0,-0.0,-0.05,-3.48,-0.06,-0.49
39780440.0,363793.927285,6324.0,1.0,-0.01,-0.04,-3.54,0.24,-0.3
39785156.0,363793.9738432,6325.0,1.0,-0.0,-0.05,-3.35,0.3,-0.06
39789860.0,363794.0202935,6326.0,1.0,-0.0,-0.04,-3.48,0.43,-0.24
39794584.0,363794.0293279,6327.0,1.0,-0.01,-0.05,-3.48,0.12,-0.55
39799320.0,363794.0688182,6328.0,1.0,-0.0,-0.05,-3.6,0.12,-0.37
39804052.0,363794.112032,6329.0,1.0,-0.01,-0.04,-3.72,0.24,-0.24
39808776.0,363794.1545673,6330.0,1.0,-0.0,-0.04,-3.6,0.37,-0.37
39813504.0,363794.1990589,6331.0,1.0,-0.01,-0.05,-3.54,0.3,-0.24
39818228.0,363794.2605209,6332.0,1.0,-0.0,-0.05,-3.54,0.43,-0.18
39822956.0,363794.3231283,6333.0,1.0,-0.01,-0.05,-3.6,0.12,-0.37
39827684.0,363794.3611343,6334.0,1.0,-0.01,-0.05,-3.48,0.18,-0.49
39832412.0,363794.4078996,6335.0,1.0,-0.01,-0.04,-3.6,0.37,-0.3
39837136.0,363794.4454054,6336.0,1.0,-0.0,-0.05,-3.72,0.3,-0.3
39841852.0,363794.451045,6337.0,1.0,-0.01,-0.05,-3.54,0.3,-0.18
39846568.0,363794.4848896,6338.0,1.0,-0.01,-0.05,-3.66,0.49,-0.3
39851296.0,363794.5205152,6339.0,1.0,-0.0,-0.05,-3.72,0.06,-0.3
39855988.0,363794.5505082,6340.0,1.0,-0.0,-0.04,-3.72,0.18,-0.18
39860716.0,363794.6147312,6341.0,1.0,-0.0,-0.04,-3.54,0.43,-0.12
39865448.0,363794.6442312,6342.0,1.0,-0.01,-0.04,-3.54,0.37,-0.43
39870172.0,363794.6815933,6343.0,1.0,-0.01,-0.05,-3.35,0.3,-0.3
39874896.0,363794.7133232,6344.0,1.0,-0.01,-0.05,-3.48,0.06,-0.49
39879624.0,363794.7479725,6345.0,1.0,-0.01,-0.05,-3.6,0.12,-0.12
39884360.0,363794.7847721,6346.0,1.0,-0.0,-0.04,-3.84,0.24,-0.67
39889088.0,363794.8162378,6347.0,1.0,-0.01,-0.04,-3.6,0.12,-0.55
39893804.0,363794.8511986,6348.0,1.0,-0.0,-0.05,-3.54,0.24,-0.3
39898528.0,363794.8825016,6349.0,1.0,-0.01,-0.05,-3.54,0.37,-0.3
39903280.0,363794.9180979,6350.0,1.0,-0.01,-0.05,-3.6,0.18,-0.3
39907996.0,363794.9497067,6351.0,1.0,-0.01,-0.05,-3.66,0.06,-0.18
39912728.0,363794.9841818,6352.0,1.0,-0.01,-0.05,-3.17,0.3,-0.24
39917456.0,363795.016877,6353.0,1.0,-0.01,-0.05,-3.6,0.37,-0.67
39922180.0,363795.0520988,6354.0,1.0,-0.01,-0.05,-3.48,0.24,-0.18
39926912.0,363795.0850687,6355.0,1.0,-0.01,-0.04,-3.48,0.06,-0.43
39931624.0,363795.1221867,6356.0,1.0,-0.0,-0.05,-3.66,0.55,-0.3
39936340.0,363795.1578564,6357.0,1.0,-0.01,-0.04,-3.54,0.06,-0.49
39941064.0,363795.1909733,6358.0,1.0,-0.01,-0.05,-3.78,-0.06,-0.55
39945800.0,363795.22576,6359.0,1.0,-0.01,-0.05,-3.48,0.49,-0.06
39950532.0,363795.2589538,6360.0,1.0,-0.01,-0.04,-3.48,0.37,-0.24
39955256.0,363795.2938223,6361.0,1.0,-0.01,-0.05,-3.6,0.18,-0.49
39959980.0,363795.331249,6362.0,1.0,-0.01,-0.05,-3.66,0.43,-0.37
39964732.0,363795.3630027,6363.0,1.0,-0.0,-0.05,-3.6,0.12,-0.24
39969440.0,363795.3982206,6364.0,1.0,-0.01,-0.05,-3.54,0.0,-0.18
39974124.0,363795.4299448,6365.0,1.0,-0.01,-0.05,-3.35,0.12,-0.43
39978852.0,363795.4643284,6366.0,1.0,-0.0,-0.05,-3.35,0.37,-0.24
39983584.0,363795.4973856,6367.0,1.0,-0.0,-0.04,-3.6,0.18,-0.37
39988300.0,363795.5315365,6368.0,1.0,-0.01,-0.05,-3.54,0.37,-0.37
39993036.0,363795.5803456,6369.0,1.0,-0.0,-0.05,-3.6,0.43,-0.24
39997752.0,363795.6013586,6370.0,1.0,-0.01,-0.04,-3.54,0.24,-0.18
40002476.0,363795.6358881,6371.0,1.0,-0.0,-0.04,-3.35,0.06,-0.24
40007188.0,363795.6851101,6372.0,1.0,-0.0,-0.05,-3.78,0.18,-0.43
40011920.0,363795.7035065,6373.0,1.0,-0.01,-0.04,-3.66,0.37,-0.37
40016648.0,363795.7692453,6374.0,1.0,-0.01,-0.04,-3.48,-0.06,-0.24
40021376.0,363795.7988016,6375.0,1.0,-0.0,-0.05,-3.23,0.67,-0.37
40026116.0,363795.8375317,6376.0,1.0,-0.01,-0.05,-3.78,0.18,-0.43
40030848.0,363795.8762183,6377.0,1.0,-0.0,-0.05,-3.54,0.37,-0.37
40035576.0,363795.8781921,6378.0,1.0,-0.0,-0.05,-3.41,0.0,-0.3
40040248.0,363795.9444233,6379.0,1.0,-0.01,-0.04,-3.41,0.06,-0.3
40044960.0,363795.9745573,6380.0,1.0,-0.0,-0.05,-3.6,0.12,-0.43
40049676.0,363796.0126852,6381.0,1.0,-0.01,-0.04,-3.48,-0.06,-0.06
40054388.0,363796.0503176,6382.0,1.0,-0.0,-0.04,-3.48,0.43,-0.12
40059120.0,363796.0522822,6383.0,1.0,-0.01,-0.04,-3.66,0.18,-0.55
40063836.0,363796.1168664,6384.0,1.0,-0.0,-0.04,-3.48,0.3,-0.12
40068548.0,363796.1490938,6385.0,1.0,-0.01,-0.05,-3.54,0.18,-0.49
40073280.0,363796.1846594,6386.0,1.0,-0.0,-0.04,-3.48,0.43,-0.06
40077980.0,363796.2178118,6387.0,1.0,-0.01,-0.04,-3.72,0.3,-0.18
40082716.0,363796.2538649,6388.0,1.0,-0.0,-0.05,-3.54,0.37,-0.18
40087424.0,363796.2921741,6389.0,1.0,-0.01,-0.04,-3.6,0.37,-0.12
40092160.0,363796.3237674,6390.0,1.0,-0.0,-0.05,-3.54,0.12,-0.37
40096896.0,363796.3610646,6391.0,1.0,-0.0,-0.05,-3.54,0.18,-0.37
40101608.0,363796.3939077,6392.0,1.0,-0.01,-0.05,-3.35,0.24,-0.43
40106352.0,363796.429253,6393.0,1.01,-0.01,-0.05,-3.41,0.24,-0.24
40111092.0,363796.46725,6394.0,1.0,-0.01,-0.05,-3.6,-0.12,-0.37
40115828.0,363796.4993734,6395.0,1.0,-0.0,-0.04,-3.54,0.06,-0.43
40120548.0,363796.5351787,6396.0,1.0,-0.0,-0.04,-3.23,0.12,-0.43
40125256.0,363796.5665052,6397.0,1.0,-0.01,-0.05,-3.48,0.12,-0.18
40129992.0,363796.6047003,6398.0,1.0,-0.01,-0.05,-3.6,0.24,-0.24
40134724.0,363796.6434932,6399.0,1.0,-0.01,-0.05,-3.41,0.12,-0.49
40139448.0,363796.6750024,6400.0,1.0,-0.01,-0.04,-3.35,0.18,-0.24
40144172.0,363796.7125038,6401.0,1.0,-0.01,-0.04,-3.54,0.0,-0.37
40148848.0,363796.7454376,6402.0,1.0,-0.0,-0.05,-3.48,0.12,-0.43
40153576.0,363796.7810229,6403.0,1.0,-0.01,-0.05,-3.35,0.12,-0.18
40158304.0,363796.8195357,6404.0,1.0,-0.0,-0.05,-3.41,0.0,-0.43
40162972.0,363796.850713,6405.0,1.0,-0.0,-0.04,-3.54,0.24,-0.18
40167688.0,363796.8899362,6406.0,1.0,-0.01,-0.04,-3.66,0.12,-0.43
40172412.0,363796.8918327,6407.0,1.0,-0.0,-0.04,-3.41,-0.18,-0.24
40177136.0,363796.9592442,6408.0,1.01,-0.01,-0.05,-3.54,-0.12,-0.49
40181884.0,363796.9648808,6409.0,1.01,-0.0,-0.05,-3.48,0.3,-0.37
40186608.0,363796.999937,6410.0,1.0,-0.01,-0.04,-3.48,0.37,-0.3
40191332.0,363797.0663814,6411.0,1.0,-0.01,-0.04,-3.6,0.24,-0.49
40196052.0,363797.0798138,6412.0,1.0,-0.01,-0.04,-3.78,0.43,0.0
40200724.0,363797.1341108,6413.0,1.0,-0.0,-0.05,-3.72,0.12,-0.12
40205452.0,363797.1400604,6414.0,1.0,-0.0,-0.05,-3.6,0.06,-0.06
40210132.0,363797.1754872,6415.0,1.0,-0.0,-0.05,-3.48,0.43,-0.3
40214844.0,363797.2422235,6416.0,1.01,-0.0,-0.05,-3.6,-0.06,-0.3
40219568.0,363797.2559796,6417.0,1.0,-0.01,-0.04,-3.84,0.18,-0.49
40224288.0,363797.3109307,6418.0,1.0,-0.01,-0.05,-3.66,0.0,-0.18
40228976.0,363797.3166587,6419.0,1.0,-0.01,-0.05,-3.72,0.3,-0.37
40233696.0,363797.3513706,6420.0,1.0,-0.0,-0.05,-3.54,0.3,-0.3
40238408.0,363797.4173957,6421.0,1.0,-0.01,-0.05,-3.41,0.12,-0.49
40243132.0,363797.4478721,6422.0,1.0,-0.01,-0.04,-3.23,-0.12,-0.12
40247868.0,363797.4873339,6423.0,1.0,-0.01,-0.05,-3.41,0.12,-0.3
40252596.0,363797.4933673,6424.0,1.0,-0.01,-0.05,-3.41,0.18,-0.3
40257324.0,363797.5281746,6425.0,1.0,-0.0,-0.04,-3.35,0.49,-0.24
40262048.0,363797.5955636,6426.0,1.0,-0.01,-0.04,-3.48,0.18,0.06
40266764.0,363797.5974424,6427.0,1.0,-0.0,-0.05,-3.66,0.18,-0.61
40271480.0,363797.6656763,6428.0,1.0,-0.01,-0.04,-3.54,0.0,-0.37
40276164.0,363797.6794171,6429.0,1.0,-0.01,-0.04,-3.6,0.18,-0.12
40280876.0,363797.7348452,6430.0,1.0,-0.01,-0.04,-3.48,0.37,-0.24
40285596.0,363797.7650361,6431.0,1.0,-0.01,-0.05,-3.78,0.49,0.0
40290276.0,363797.8190796,6432.0,1.0,-0.0,-0.04,-3.48,0.37,-0.3
40294984.0,363797.8744694,6433.0,1.0,-0.01,-0.04,-3.6,0.37,-0.43
40299716.0,363797.9075299,6434.0,1.0,-0.0,-0.05,-3.72,-0.24,-0.24
40304436.0,363797.9443288,6435.0,1.0,-0.01,-0.05,-3.48,0.3,-0.49
40309164.0,363797.9775948,6436.0,1.0,-0.0,-0.05,-3.66,0.18,0.12
40313880.0,363798.0136404,6437.0,1.0,-0.01,-0.04,-3.41,0.43,-0.3
40318592.0,363798.0525814,6438.0,1.0,-0.0,-0.05,-3.6,0.0,-0.37
40323272.0,363798.0863771,6439.0,1.0,-0.0,-0.04,-3.6,0.3,-0.3
40327960.0,363798.123253,6440.0,1.0,-0.01,-0.05,-3.6,0.0,-0.43
40332636.0,363798.1571763,6441.0,1.01,-0.01,-0.05,-3.54,0.43,-0.18
40337380.0,363798.1934808,6442.0,1.01,-0.0,-0.04,-3.6,-0.06,-0.43
40342104.0,363798.2333477,6443.0,1.0,-0.01,-0.04,-3.41,0.12,-0.18
40346836.0,363798.2663583,6444.0,1.0,-0.01,-0.05,-3.6,0.37,-0.12
40351556.0,363798.3033433,6445.0,1.0,-0.01,-0.04,-3.48,0.49,-0.24
40356280.0,363798.3436391,6446.0,1.0,-0.01,-0.05,-3.54,0.12,-0.24
40361012.0,363798.3747498,6447.0,1.0,-0.01,-0.04,-3.48,0.37,-0.43
40365732.0,363798.4146328,6448.0,1.0,-0.0,-0.05,-3.6,0.37,-0.61
40370452.0,363798.4541515,6449.0,1.0,-0.0,-0.04,-3.54,0.3,-0.37
40375160.0,363798.4684692,6450.0,1.0,-0.01,-0.05,-3.84,0.43,-0.3
40379884.0,363798.5239512,6451.0,1.0,-0.0,-0.05,-3.66,0.12,-0.24
40384616.0,363798.5581724,6452.0,1.0,-0.0,-0.04,-3.66,0.24,-0.18
40389324.0,363798.5945503,6453.0,1.0,-0.0,-0.05,-3.35,0.24,-0.3
40394048.0,363798.6281978,6454.0,1.0,-0.01,-0.05,-3.54,0.06,-0.3
40398772.0,363798.6647918,6455.0,1.0,-0.01,-0.04,-3.48,0.12,-0.55
40403496.0,363798.6987301,6456.0,1.0,-0.01,-0.04,-3.29,0.43,-0.3
40408228.0,363798.7347782,6457.0,1.0,-0.01,-0.05,-3.48,-0.12,-0.37
40412960.0,363798.7740614,6458.0,1.0,-0.01,-0.05,-3.41,-0.12,-0.37
40417696.0,363798.8083246,6459.0,1.0,-0.01,-0.05,-3.54,0.18,-0.37
40422428.0,363798.8450191,6460.0,1.0,-0.0,-0.04,-3.66,0.12,-0.37
40427144.0,363798.8797626,6461.0,1.0,-0.0,-0.05,-3.29,0.24,-0.12
40431864.0,363798.9152952,6462.0,1.0,-0.0,-0.05,-3.41,0.37,-0.37
40436588.0,363798.9504276,6463.0,1.0,-0.0,-0.04,-3.29,0.3,-0.06
40441296.0,363798.9860181,6464.0,1.0,-0.01,-0.04,-3.72,0.18,-0.3
40446028.0,363799.0552354,6465.0,1.0,-0.01,-0.04,-3.78,0.49,-0.49
40450752.0,363799.0598267,6466.0,1.0,-0.0,-0.05,-3.54,0.24,-0.24
40455460.0,363799.0963869,6467.0,1.0,-0.0,-0.05,-3.66,0.3,-0.3
40460172.0,363799.1648704,6468.0,1.0,-0.01,-0.05,-3.35,0.06,-0.24
40464896.0,363799.1694731,6469.0,1.0,-0.0,-0.05,-3.29,0.0,-0.37
40469572.0,363799.2064109,6470.0,1.0,-0.0,-0.04,-3.54,0.18,-0.3
40474296.0,363799.2407998,6471.0,1.01,-0.01,-0.04,-3.29,0.24,-0.37
40479040.0,363799.2777194,6472.0,1.0,-0.01,-0.05,-3.41,0.12,-0.55
40483776.0,363799.3172527,6473.0,1.0,-0.01,-0.05,-3.41,0.24,-0.24
40488500.0,363799.3482037,6474.0,1.0,-0.0,-0.05,-3.29,-0.12,-0.24
40493228.0,363799.3890026,6475.0,1.0,-0.0,-0.05,-3.29,0.12,-0.3
40497940.0,363799.4040956,6476.0,1.0,-0.01,-0.05,-3.41,0.3,-0.3
40502664.0,363799.4603034,6477.0,1.0,-0.01,-0.05,-3.29,0.06,-0.55
40507388.0,363799.4911094,6478.0,1.0,-0.01,-0.05,-3.29,0.24,-0.24
40512112.0,363799.5711418,6479.0,1.0,-0.01,-0.05,-3.54,0.06,-0.55
40516844.0,363799.651823,6480.0,1.0,-0.0,-0.04,-3.6,0.3,-0.37
40521544.0,363799.7104509,6481.0,1.0,-0.0,-0.04,-3.48,0.43,-0.43
40526268.0,363799.7499504,6482.0,1.0,-0.0,-0.05,-3.48,0.06,-0.12
40530984.0,363799.7518473,6483.0,1.0,-0.0,-0.05,-3.48,0.12,-0.3
40535684.0,363799.8205367,6484.0,1.01,-0.01,-0.05,-3.54,0.0,-0.12
40540384.0,363799.852052,6485.0,1.0,-0.0,-0.05,-3.72,0.12,-0.24
40545096.0,363799.8914223,6486.0,1.0,-0.01,-0.04,-3.54,0.12,-0.3
40549820.0,363799.9250503,6487.0,1.0,-0.01,-0.05,-3.48,0.18,-0.24
40554560.0,363799.9616596,6488.0,1.0,-0.0,-0.05,-3.6,0.24,-0.49
40559272.0,363800.000127,6489.0,1.0,-0.0,-0.05,-3.66,0.06,-0.12
40563984.0,363800.034901,6490.0,1.0,-0.01,-0.04,-3.35,0.37,-0.12
40568708.0,363800.0733321,6491.0,1.0,-0.0,-0.04,-3.29,0.18,0.0
40573364.0,363800.1096816,6492.0,1.0,-0.01,-0.04,-3.29,-0.12,-0.3
40578096.0,363800.1480007,6493.0,1.0,-0.01,-0.05,-3.41,-0.06,-0.37
40582816.0,363800.1855851,6494.0,1.0,-0.01,-0.05,-3.72,0.0,-0.24
40587492.0,363800.2216194,6495.0,1.0,-0.01,-0.04,-3.6,0.3,-0.3
40592204.0,363800.2590514,6496.0,1.0,-0.0,-0.04,-3.54,0.06,-0.3
40596904.0,363800.2984664,6497.0,1.0,-0.0,-0.04,-3.23,0.37,-0.24
40601632.0,363800.3325628,6498.0,1.0,-0.0,-0.04,-3.48,0.24,-0.3
40606336.0,363800.373341,6499.0,1.0,-0.01,-0.04,-3.6,-0.06,-0.24
40611068.0,363800.4108349,6500.0,1.0,-0.01,-0.05,-3.66,0.3,-0.43
40615792.0,363800.4428292,6501.0,1.0,-0.0,-0.04,-3.6,0.18,-0.24
40620500.0,363800.4832745,6502.0,1.0,-0.01,-0.05,-3.96,0.18,-0.18
40625240.0,363800.5171365,6503.0,1.0,-0.01,-0.04,-3.54,0.18,-0.37
40629964.0,363800.5553533,6504.0,1.0,-0.01,-0.05,-3.48,0.0,-0.12
40634648.0,363800.590597,6505.0,1.0,-0.0,-0.05,-3.35,0.12,-0.24
40639360.0,363800.6288897,6506.0,1.0,-0.01,-0.04,-3.23,-0.12,-0.3
40644092.0,363800.6672145,6507.0,1.0,-0.01,-0.04,-3.72,0.37,-0.37
40648832.0,363800.7055043,6508.0,1.0,-0.0,-0.04,-3.41,0.06,-0.18
40653536.0,363800.7410511,6509.0,1.0,-0.01,-0.05,-3.41,0.18,-0.37
40658272.0,363800.7792914,6510.0,1.0,-0.01,-0.05,-3.48,0.06,-0.18
47291372.0,363800.8488647,7915.0,1.0,-0.01,-0.05,-3.66,0.24,-0.3
47296100.0,363800.8848549,7916.0,1.0,-0.01,-0.04,-3.35,0.49,-0.43
47300840.0,363800.9207727,7917.0,1.0,-0.0,-0.04,-3.48,0.3,-0.67
47305552.0,363800.9572778,7918.0,1.0,-0.0,-0.04,-3.66,-0.06,-0.3
47310268.0,363800.9940134,7919.0,1.0,-0.01,-0.05,-3.6,0.12,-0.24
47315000.0,363801.0302356,7920.0,1.0,-0.0,-0.04,-3.6,0.12,-0.55
47319708.0,363801.1009882,7921.0,1.0,-0.01,-0.04,-3.54,0.06,-0.12
47324440.0,363801.1028635,7922.0,1.0,-0.01,-0.05,-3.48,0.3,-0.43
47329172.0,363801.1395484,7923.0,1.0,-0.01,-0.04,-3.6,0.3,-0.18
47333900.0,363801.1760287,7924.0,1.0,-0.01,-0.04,-3.6,0.3,-0.24
47338632.0,363801.2457121,7925.0,1.0,-0.01,-0.04,-3.41,0.24,-0.18
47343360.0,363801.2513931,7926.0,1.01,-0.01,-0.04,-3.48,0.24,-0.37
47348104.0,363801.2887031,7927.0,1.0,-0.01,-0.04,-3.48,0.49,-0.3
47352828.0,363801.3251123,7928.0,1.0,-0.01,-0.04,-3.72,0.06,-0.24
47357552.0,363801.3616637,7929.0,1.0,-0.0,-0.04,-3.6,0.43,-0.61
47362284.0,363801.403342,7930.0,1.0,-0.01,-0.04,-3.41,0.3,-0.18
47367012.0,363801.4421116,7931.0,1.0,-0.0,-0.04,-3.78,0.3,-0.18
47371724.0,363801.4766526,7932.0,1.0,-0.0,-0.04,-3.6,0.49,-0.37
47376440.0,363801.5136154,7933.0,1.0,-0.01,-0.04,-3.48,0.37,-0.37
47381164.0,363801.5476451,7934.0,1.0,-0.0,-0.04,-3.54,0.49,-0.24
47385880.0,363801.6208288,7935.0,1.0,-0.01,-0.05,-3.54,0.3,-0.3
47390592.0,363801.6228526,7936.0,1.0,-0.01,-0.04,-3.54,0.18,-0.37
47395324.0,363801.6938354,7937.0,1.0,-0.01,-0.04,-3.54,0.37,-0.37
47400076.0,363801.6996321,7938.0,1.0,-0.0,-0.04,-3.66,0.24,-0.12
47404788.0,363801.7365233,7939.0,1.0,-0.01,-0.04,-3.72,0.37,-0.3
47409520.0,363801.7716154,7940.0,1.01,-0.0,-0.04,-3.41,0.49,-0.37
47414256.0,363801.809635,7941.0,1.0,-0.01,-0.04,-3.17,0.3,-0.12
47418984.0,363801.8507877,7942.0,1.0,-0.0,-0.05,-3.72,0.06,-0.24
47423700.0,363801.8850851,7943.0,1.0,-0.01,-0.04,-3.54,0.18,-0.49
47428424.0,363801.9233985,7944.0,1.0,-0.01,-0.04,-3.35,0.37,-0.18
47433160.0,363801.9585984,7945.0,1.0,-0.0,-0.04,-3.72,0.24,-0.37
47437892.0,363801.9960966,7946.0,1.0,-0.0,-0.04,-3.54,0.49,-0.24
47442604.0,363802.0308044,7947.0,1.0,-0.01,-0.05,-3.48,0.37,-0.06
47447328.0,363802.0692185,7948.0,1.0,-0.01,-0.04,-3.72,0.18,-0.18
47452052.0,363802.10596,7949.0,1.0,-0.01,-0.04,-3.48,0.24,-0.3
47456776.0,363802.1437799,7950.0,1.0,-0.0,-0.04,-3.6,0.37,-0.37
47461508.0,363802.1850844,7951.0,1.0,-0.01,-0.05,-3.35,0.3,-0.61
47466240.0,363802.2191995,7952.0,1.0,-0.01,-0.04,-3.41,0.18,-0.18
47470976.0,363802.2617419,7953.0,1.0,-0.01,-0.05,-3.41,0.12,-0.37
47475708.0,363802.296652,7954.0,1.0,-0.01,-0.04,-3.54,0.55,-0.43
47480444.0,363802.3347702,7955.0,1.0,-0.0,-0.05,-3.72,0.61,-0.43
47485176.0,363802.3716478,7956.0,1.0,-0.01,-0.04,-3.66,0.49,-0.49
47489900.0,363802.408373,7957.0,1.01,-0.0,-0.04,-3.54,0.55,-0.24
47494632.0,363802.4793342,7958.0,1.0,-0.01,-0.04,-3.72,0.37,-0.55
47499372.0,363802.4848052,7959.0,1.0,-0.01,-0.04,-3.48,0.55,-0.3
47504100.0,363802.523286,7960.0,1.0,-0.01,-0.04,-3.48,0.3,-0.12
47508824.0,363802.5593171,7961.0,1.0,-0.01,-0.04,-3.66,0.55,-0.06
47513552.0,363802.5957271,7962.0,1.0,-0.0,-0.05,-3.66,0.61,-0.43
47518292.0,363802.6672327,7963.0,1.0,-0.01,-0.05,-3.72,0.49,0.0
47522972.0,363802.6831676,7964.0,1.0,-0.0,-0.04,-3.66,0.67,-0.24
47527680.0,363802.7062091,7965.0,1.01,-0.01,-0.04,-3.78,0.24,-0.37
47532428.0,363802.743116,7966.0,1.0,-0.01,-0.05,-3.72,0.18,-0.37
47537168.0,363802.7972391,7967.0,1.0,-0.01,-0.05,-3.48,0.43,-0.61
47541896.0,363802.8156693,7968.0,1.0,-0.01,-0.05,-3.48,0.12,-0.43
47546636.0,363802.8572179,7969.0,1.0,-0.0,-0.05,-3.35,0.12,-0.24
47551348.0,363802.892291,7970.0,1.0,-0.01,-0.05,-3.6,0.3,-0.06
47556060.0,363802.9302713,7971.0,1.0,-0.01,-0.04,-3.41,0.3,-0.18
47560792.0,363802.9723871,7972.0,1.0,-0.0,-0.04,-3.48,0.43,-0.37
47565516.0,363803.0049446,7973.0,1.0,-0.0,-0.04,-3.54,0.37,-0.24
47570240.0,363803.0455427,7974.0,1.0,-0.01,-0.04,-3.48,0.55,0.0
47574912.0,363803.0801282,7975.0,1.01,-0.01,-0.04,-3.54,0.24,-0.37
47579656.0,363803.1195311,7976.0,1.0,-0.01,-0.04,-3.66,0.43,-0.43
47584408.0,363803.1529722,7977.0,1.0,-0.01,-0.04,-3.41,-0.06,-0.18
47589124.0,363803.1939918,7978.0,1.0,-0.01,-0.04,-3.54,0.06,-0.43
47593856.0,363803.1960371,7979.0,1.0,-0.0,-0.04,-3.66,0.43,-0.18
47598580.0,363803.2680128,7980.0,1.0,-0.01,-0.04,-3.6,0.3,-0.43
47603304.0,363803.2698467,7981.0,1.0,-0.0,-0.04,-3.54,0.0,-0.24
47607980.0,363803.3087469,7982.0,1.0,-0.01,-0.04,-3.41,0.12,-0.24
47612704.0,363803.3472641,7983.0,1.0,-0.01,-0.04,-3.48,0.3,-0.3
47617440.0,363803.3922087,7984.0,1.0,-0.01,-0.05,-3.6,0.06,-0.55
47622168.0,363803.4296201,7985.0,1.0,-0.01,-0.04,-3.41,0.18,-0.3
47626888.0,363803.4670225,7986.0,1.01,-0.01,-0.04,-3.6,0.37,-0.37
47631632.0,363803.5091501,7987.0,1.0,-0.01,-0.04,-3.84,0.06,-0.49
47636340.0,363803.5430847,7988.0,1.0,-0.01,-0.04,-3.6,0.0,-0.24
47641012.0,363803.5824996,7989.0,1.01,-0.01,-0.04,-3.54,0.24,-0.18
47645764.0,363803.6190053,7990.0,1.0,-0.01,-0.04,-3.54,-0.06,-0.43
47650488.0,363803.6583458,7991.0,1.0,-0.01,-0.04,-3.48,0.12,-0.3
47655216.0,363803.6953616,7992.0,1.0,-0.01,-0.05,-3.29,0.12,-0.43
47659968.0,363803.7339875,7993.0,1.0,-0.0,-0.05,-3.54,0.12,-0.3
47664680.0,363803.7719655,7994.0,1.0,-0.01,-0.04,-3.35,-0.12,-0.37
47669432.0,363803.8089699,7995.0,1.0,-0.01,-0.04,-3.6,0.37,-0.37
47674156.0,363803.8510185,7996.0,1.0,-0.01,-0.04,-3.6,-0.12,-0.24
47678892.0,363803.8878696,7997.0,1.0,-0.01,-0.04,-3.6,0.18,-0.49
47683624.0,363803.9268253,7998.0,1.0,-0.01,-0.04,-3.35,-0.3,-0.3
47688348.0,363803.9621987,7999.0,1.0,-0.01,-0.04,-3.6,0.24,-0.43
47693076.0,363804.0008164,8000.0,1.0,-0.0,-0.04,-3.41,-0.12,-0.37
47697812.0,363804.0423149,8001.0,1.0,-0.0,-0.05,-3.41,-0.3,-0.49
47702536.0,363804.0778987,8002.0,1.01,-0.0,-0.04,-3.48,-0.12,-0.37
47707284.0,363804.1163012,8003.0,1.0,-0.0,-0.05,-3.6,0.18,-0.37
47711996.0,363804.1523344,8004.0,1.0,-0.0,-0.04,-3.41,0.12,-0.43
47716720.0,363804.1916202,8005.0,1.0,-0.01,-0.05,-3.78,-0.24,-0.3
47721444.0,363804.2293115,8006.0,1.0,-0.01,-0.05,-3.66,-0.49,-0.37
47726188.0,363804.2850156,8007.0,1.0,-0.01,-0.05,-3.41,-0.3,-0.37
47730936.0,363804.34329,8008.0,1.0,-0.01,-0.04,-3.54,-0.67,-0.61
47735680.0,363804.3768739,8009.0,1.0,-0.01,-0.05,-3.29,-0.49,-0.61
47740424.0,363804.4229521,8010.0,1.0,-0.01,-0.05,-3.48,-0.43,-0.37
47745176.0,363804.4641704,8011.0,1.0,-0.01,-0.05,-3.41,-0.3,-0.43
47749900.0,363804.5072483,8012.0,1.01,-0.0,-0.04,-3.41,0.06,-0.43
47754624.0,363804.5233571,8013.0,1.0,-0.0,-0.05,-3.6,-0.24,-0.37
47759348.0,363804.5815191,8014.0,1.0,-0.01,-0.05,-3.35,-0.18,-0.37
47764092.0,363804.6141979,8015.0,1.0,-0.01,-0.05,-3.41,-0.24,-0.55
47768832.0,363804.6578984,8016.0,1.0,-0.0,-0.04,-3.41,0.12,-0.3
47773544.0,363804.7015294,8017.0,1.0,-0.01,-0.04,-3.72,0.06,-0.37
47778268.0,363804.7348943,8018.0,1.0,-0.01,-0.04,-3.54,0.06,-0.18
47783000.0,363804.7777754,8019.0,1.0,-0.01,-0.05,-3.41,0.12,-0.61
47787720.0,363804.8110166,8020.0,1.0,-0.0,-0.04,-3.6,0.0,-0.24
47792396.0,363804.8540744,8021.0,1.0,-0.01,-0.04,-3.29,-0.37,-0.49
47797128.0,363804.8906986,8022.0,1.0,-0.01,-0.04,-3.23,-0.12,-0.61
47801872.0,363804.930316,8023.0,1.0,-0.01,-0.05,-3.6,-0.06,-0.18
47806604.0,363804.9734508,8024.0,1.0,-0.01,-0.04,-3.41,-0.18,-0.3
47811332.0,363805.0103852,8025.0,1.0,-0.01,-0.04,-3.66,-0.18,-0.18
47816060.0,363805.0483604,8026.0,1.0,-0.0,-0.05,-3.66,0.0,-0.43
47820732.0,363805.0856344,8027.0,1.0,-0.0,-0.05,-3.66,0.43,-0.24
47825456.0,363805.1270568,8028.0,1.0,-0.01,-0.05,-3.23,-0.06,-0.18
47830188.0,363805.1660506,8029.0,1.0,-0.01,-0.05,-3.72,0.06,-0.18
47834896.0,363805.2393784,8030.0,1.01,-0.0,-0.04,-3.41,-0.18,-0.43
47839640.0,363805.2412293,8031.0,1.01,-0.0,-0.04,-3.23,0.18,-0.37
47844380.0,363805.2787076,8032.0,1.0,-0.01,-0.04,-3.84,0.3,-0.55
47849096.0,363805.3204395,8033.0,1.0,-0.01,-0.04,-3.66,0.0,-0.3
47853772.0,363805.3597999,8034.0,1.0,-0.0,-0.05,-3.48,0.24,-0.24
47858480.0,363805.4002136,8035.0,1.0,-0.0,-0.05,-3.48,0.12,-0.43
47863204.0,363805.4527641,8036.0,1.0,-0.01,-0.05,-3.54,0.3,-0.3
47867936.0,363805.4799166,8037.0,1.0,-0.0,-0.04,-3.54,0.49,-0.37
47872656.0,363805.5143069,8038.0,1.0,-0.01,-0.03,-3.41,0.18,-0.37
47877396.0,363805.5502849,8039.0,1.01,-0.0,-0.05,-3.17,0.12,-0.3
47882120.0,363805.629212,8040.0,0.99,-0.0,-0.05,-3.48,1.04,-0.06
47886832.0,363805.6702526,8041.0,0.99,-0.0,-0.06,-3.6,0.3,-0.49
47891548.0,363805.7113031,8042.0,1.0,-0.01,-0.04,-3.72,-0.06,-0.12
47896260.0,363805.7537416,8043.0,1.01,-0.01,-0.04,-3.6,0.0,-0.67
47900944.0,363805.7711638,8044.0,1.01,-0.0,-0.04,-3.48,0.73,-0.43
47905668.0,363805.8297666,8045.0,0.99,-0.01,-0.04,-3.72,0.85,-0.37
47910408.0,363805.8630019,8046.0,1.0,-0.01,-0.04,-3.72,0.73,-0.3
47915140.0,363805.8719654,8047.0,1.0,-0.0,-0.04,-3.66,0.18,-0.3
47919848.0,363805.909251,8048.0,0.96,-0.02,-0.1,-3.48,2.13,-0.85
47924592.0,363805.949877,8049.0,0.94,-0.04,-0.02,-3.48,-1.28,-1.52
47929344.0,363805.9872553,8050.0,1.1,-0.02,0.05,-3.54,-0.55,-0.73
47934088.0,363806.0314168,8051.0,1.02,-0.0,-0.03,-3.35,1.52,-0.3
47938824.0,363806.0700882,8052.0,1.03,0.0,-0.07,-3.48,1.59,-0.67
47943544.0,363806.1101671,8053.0,0.98,-0.01,-0.07,-3.6,0.06,-0.37
47948268.0,363806.1489987,8054.0,1.02,-0.01,-0.04,-3.54,-1.16,-0.12
47953028.0,363806.1893591,8055.0,1.06,0.0,-0.03,-3.41,1.65,-0.37
47957744.0,363806.2285679,8056.0,1.02,0.02,-0.09,-3.72,1.65,0.24
47962472.0,363806.2853324,8057.0,0.98,0.0,-0.07,-3.48,-1.34,-0.12
47967208.0,363806.346242,8058.0,0.98,-0.01,-0.02,-3.6,-1.59,-0.24
47971952.0,363806.3631399,8059.0,1.0,-0.01,-0.03,-3.66,0.43,-0.18
47976700.0,363806.4246107,8060.0,1.0,-0.01,-0.07,-3.41,1.83,-0.43
47981432.0,363806.4622909,8061.0,0.98,-0.01,-0.07,-3.66,0.79,-0.43
47986176.0,363806.5035758,8062.0,0.98,-0.01,-0.03,-3.66,-0.98,-0.49
47990928.0,363806.5417522,8063.0,1.0,-0.01,-0.03,-3.29,-0.12,-0.49
47995660.0,363806.5856327,8064.0,1.01,-0.0,-0.04,-3.66,0.67,-0.18
48000396.0,363806.6231557,8065.0,1.01,-0.0,-0.07,-3.54,0.73,-0.24
48005128.0,363806.6635826,8066.0,0.98,-0.0,-0.07,-3.35,0.06,-0.24
48009832.0,363806.7028277,8067.0,1.01,-0.01,-0.04,-3.66,-0.3,-0.37
48014580.0,363806.7457829,8068.0,1.0,-0.01,-0.03,-3.72,0.18,-0.43
48019304.0,363806.7830571,8069.0,1.0,-0.0,-0.04,-3.41,0.24,-0.49
48024028.0,363806.8249501,8070.0,0.99,-0.01,-0.06,-3.6,0.91,-0.43
48028760.0,363806.8624446,8071.0,1.0,-0.01,-0.06,-3.54,0.24,-0.06
48033484.0,363806.9046319,8072.0,1.01,-0.01,-0.03,-3.29,-0.12,-0.18
48038228.0,363806.9458267,8073.0,1.01,-0.0,-0.03,-3.54,0.3,-0.3
48042936.0,363806.9832675,8074.0,1.0,-0.01,-0.05,-3.6,0.67,-0.49
48047664.0,363807.0599183,8075.0,1.0,-0.01,-0.05,-3.48,0.61,-0.37
48052412.0,363807.0657437,8076.0,1.01,-0.0,-0.04,-3.48,0.18,-0.3
48057124.0,363807.1064712,8077.0,1.01,-0.01,-0.04,-3.78,0.3,-0.49
48061848.0,363807.1836092,8078.0,1.0,-0.01,-0.04,-3.48,0.18,-0.06
48066580.0,363807.185344,8079.0,1.0,-0.01,-0.04,-3.6,0.3,-0.43
48071296.0,363807.2247213,8080.0,1.0,-0.01,-0.05,-3.29,0.12,-0.55
48076036.0,363807.2641568,8081.0,1.0,-0.0,-0.04,-3.54,0.18,-0.24
48080748.0,363807.3067966,8082.0,0.98,-0.01,-0.04,-3.35,0.43,-0.06
48085484.0,363807.3429387,8083.0,1.0,-0.0,-0.04,-3.35,1.34,-0.3
48090212.0,363807.3865869,8084.0,0.98,0.0,-0.08,-3.41,1.59,-0.3
48094920.0,363807.4221985,8085.0,0.99,-0.0,-0.06,-3.6,-0.55,-0.37
48099644.0,363807.4983503,8086.0,1.0,-0.01,-0.04,-3.78,-0.91,-0.24
48104388.0,363807.5332127,8087.0,1.01,-0.01,-0.04,-3.41,0.18,0.0
48109064.0,363807.5770084,8088.0,1.0,-0.01,-0.06,-3.6,0.85,-0.55
48113804.0,363807.6139891,8089.0,0.99,-0.0,-0.06,-3.35,0.37,-0.3
48118512.0,363807.6553905,8090.0,1.0,0.0,-0.05,-3.72,-0.18,-0.43
48123224.0,363807.6931597,8091.0,1.01,-0.0,-0.03,-3.54,-0.24,-0.37
48127964.0,363807.7371722,8092.0,1.0,-0.0,-0.04,-3.66,0.0,-0.61
48132644.0,363807.7544084,8093.0,1.0,-0.01,-0.04,-3.72,0.18,-0.49
48137372.0,363807.8163591,8094.0,1.0,-0.01,-0.04,-3.6,0.0,-0.37
48142052.0,363807.8550873,8095.0,1.0,-0.0,-0.04,-3.66,0.18,-0.49
48146776.0,363807.8963257,8096.0,1.01,-0.0,-0.04,-3.23,-0.12,-0.24
48151520.0,363807.9334931,8097.0,1.0,-0.01,-0.04,-3.48,0.43,-0.43
48156256.0,363807.9752768,8098.0,1.0,-0.0,-0.04,-3.66,0.43,-0.3
48160984.0,363808.012413,8099.0,1.0,-0.01,-0.05,-3.29,0.37,-0.49
48165708.0,363808.0541187,8100.0,1.01,0.0,-0.04,-3.72,-0.06,-0.3
48170420.0,363808.0973653,8101.0,1.01,-0.01,-0.04,-3.6,-0.06,-0.37
48175160.0,363808.1828555,8102.0,1.0,-0.01,-0.04,-3.78,0.24,-0.18
48179888.0,363808.244413,8103.0,1.0,-0.01,-0.05,-3.72,0.18,-0.18
48184620.0,363808.2901617,8104.0,1.0,-0.01,-0.05,-3.6,0.24,-0.37
48189344.0,363808.3287029,8105.0,1.01,-0.01,-0.04,-3.41,0.37,-0.43
48194088.0,363808.3704421,8106.0,1.01,-0.0,-0.05,-3.35,0.12,-0.37
48198820.0,363808.4079705,8107.0,1.0,-0.01,-0.05,-3.41,0.43,-0.43
48203556.0,363808.4485631,8108.0,1.0,-0.0,-0.03,-3.41,-0.06,-0.49
48208280.0,363808.4888247,8109.0,1.02,-0.01,-0.03,-3.35,-0.12,-0.37
48213028.0,363808.5281557,8110.0,1.0,-0.0,-0.04,-3.54,0.55,0.0
48217692.0,363808.5717002,8111.0,0.99,-0.0,-0.06,-3.48,0.67,-0.3
48222424.0,363808.607469,8112.0,0.99,-0.01,-0.04,-3.6,0.37,-0.3
48227148.0,363808.6848595,8113.0,1.0,-0.01,-0.03,-3.84,-0.3,-0.3
48231868.0,363808.7018846,8114.0,1.0,-0.01,-0.04,-3.48,0.24,-0.55
48236608.0,363808.7633825,8115.0,1.0,-0.01,-0.04,-3.6,0.55,-0.18
48241320.0,363808.7977709,8116.0,1.0,-0.01,-0.05,-3.41,-0.06,-0.18
48246056.0,363808.842013,8117.0,1.0,-0.01,-0.04,-3.6,-0.12,-0.49
48250776.0,363808.8796968,8118.0,1.0,-0.01,-0.04,-3.48,0.0,-0.43
48255460.0,363808.9208277,8119.0,1.0,-0.0,-0.04,-3.41,-0.12,-0.3
48260188.0,363808.9586583,8120.0,1.0,-0.0,-0.05,-3.48,0.18,-0.43
48264900.0,363808.998685,8121.0,1.0,-0.0,-0.04,-3.6,0.37,-0.49
48269612.0,363809.0368632,8122.0,1.0,-0.0,-0.05,-3.9,-0.18,-0.3
48274324.0,363809.0775524,8123.0,1.0,-0.01,-0.04,-3.41,-0.06,-0.18
48279052.0,363809.1216121,8124.0,1.0,-0.0,-0.04,-3.29,0.06,-0.37
48283780.0,363809.1644214,8125.0,1.01,-0.01,-0.04,-3.72,0.0,-0.24
48288460.0,363809.199715,8126.0,1.0,-0.0,-0.04,-3.48,-0.06,-0.49
48293172.0,363809.244206,8127.0,1.0,-0.0,-0.05,-3.66,0.0,-0.37
48297840.0,363809.2791861,8128.0,1.01,-0.01,-0.05,-3.48,-0.06,-0.49
48302584.0,363809.3231843,8129.0,1.0,-0.01,-0.05,-3.23,0.43,-0.24
48307328.0,363809.3608802,8130.0,1.0,-0.0,-0.04,-3.35,0.06,-0.24
48312028.0,363809.4025643,8131.0,1.01,-0.01,-0.05,-3.6,-0.24,-0.49
48316768.0,363809.4620667,8132.0,1.01,-0.01,-0.04,-3.6,0.0,-0.49
48321448.0,363809.4820668,8133.0,1.0,-0.01,-0.04,-3.48,-0.06,-0.24
48326172.0,363809.5587857,8134.0,1.0,-0.01,-0.05,-3.54,-0.06,-0.43
48330924.0,363809.5939061,8135.0,1.0,-0.01,-0.04,-3.78,-0.06,-0.24
48335640.0,363809.6408239,8136.0,1.0,-0.01,-0.03,-3.29,0.06,-0.43
48340360.0,363809.6765195,8137.0,1.0,-0.01,-0.04,-3.6,0.0,-0.18
48345032.0,363809.7200274,8138.0,1.0,-0.0,-0.05,-3.66,-0.3,-0.37
48349756.0,363809.7576891,8139.0,0.99,-0.0,-0.05,-3.6,0.18,-0.3
48354476.0,363809.7987876,8140.0,1.0,-0.0,-0.04,-3.41,0.18,-0.12
48359188.0,363809.8362884,8141.0,1.01,-0.01,-0.04,-3.48,-0.18,-0.67
48363932.0,363809.8773225,8142.0,1.0,-0.01,-0.04,-3.48,-0.43,-0.18
48368684.0,363809.9210518,8143.0,1.0,-0.0,-0.05,-3.35,-0.06,-0.37
48373404.0,363809.9587802,8144.0,1.01,-0.01,-0.05,-3.66,-0.12,-0.24
48378152.0,363810.0005159,8145.0,1.0,-0.01,-0.04,-3.6,-0.06,-0.24
48382876.0,363810.0402454,8146.0,1.0,-0.0,-0.04,-3.48,-0.24,0.0
48387548.0,363810.0802048,8147.0,1.0,-0.0,-0.04,-3.54,-0.18,-0.49
48392276.0,363810.1577065,8148.0,1.0,-0.0,-0.05,-3.41,0.0,-0.06
48396948.0,363810.1920323,8149.0,1.0,-0.01,-0.05,-3.54,0.18,-0.18
48401688.0,363810.2357618,8150.0,1.0,-0.0,-0.05,-3.54,0.0,-0.61
48406368.0,363810.272022,8151.0,1.0,-0.01,-0.04,-3.54,0.06,-0.49
48411092.0,363810.3153075,8152.0,1.0,-0.01,-0.05,-3.41,0.12,-0.37
48415844.0,363810.3541729,8153.0,1.0,-0.01,-0.04,-3.35,0.12,-0.18
48420556.0,363810.3956401,8154.0,1.0,-0.01,-0.05,-3.48,-0.12,-0.06
48425284.0,363810.4353467,8155.0,1.0,-0.01,-0.05,-3.48,0.06,-0.43
48430008.0,363810.4741846,8156.0,1.0,-0.01,-0.05,-3.41,0.12,-0.43
48434748.0,363810.5150764,8157.0,1.0,-0.0,-0.04,-3.35,-0.06,-0.24
48439472.0,363810.5531111,8158.0,1.0,-0.0,-0.04,-3.6,0.06,-0.24
48444164.0,363810.5945523,8159.0,1.0,-0.01,-0.05,-3.66,0.24,-0.43
48448900.0,363810.631529,8160.0,1.01,-0.0,-0.05,-3.54,0.12,-0.24
48453620.0,363810.6930513,8161.0,1.0,-0.01,-0.05,-3.66,0.37,-0.3
48458344.0,363810.7129365,8162.0,1.0,-0.0,-0.05,-3.54,0.3,0.0
48463016.0,363810.7566422,8163.0,1.0,-0.01,-0.04,-3.48,0.0,-0.18
48467696.0,363810.7937385,8164.0,1.0,-0.01,-0.04,-3.66,0.18,-0.18
48472420.0,363810.8716158,8165.0,1.0,-0.0,-0.04,-3.78,0.0,-0.3
48477088.0,363810.8736047,8166.0,1.0,-0.01,-0.05,-3.48,0.24,-0.55
48481824.0,363810.9508997,8167.0,1.0,-0.01,-0.05,-3.72,0.3,-0.12
48486552.0,363810.9876791,8168.0,1.0,0.0,-0.04,-3.66,-0.12,-0.06
48491244.0,363811.0325072,8169.0,1.0,-0.0,-0.05,-3.72,0.18,-0.18
48495968.0,363811.0684698,8170.0,1.0,-0.0,-0.04,-3.48,0.49,-0.24
48500692.0,363811.1126656,8171.0,1.0,-0.01,-0.05,-3.48,0.18,-0.3
48505416.0,363811.1477663,8172.0,1.0,-0.01,-0.05,-3.54,0.18,-0.3
48510156.0,363811.1921231,8173.0,0.99,-0.01,-0.05,-3.54,0.12,-0.3
48514880.0,363811.2292812,8174.0,1.0,-0.01,-0.05,-3.54,0.55,-0.67
48519624.0,363811.2711621,8175.0,1.0,-0.01,-0.04,-3.6,0.55,-0.43
48524356.0,363811.3111836,8176.0,1.01,-0.01,-0.04,-3.54,0.67,-0.18
48529088.0,363811.3521246,8177.0,1.01,-0.01,-0.04,-3.35,0.3,-0.37
48533824.0,363811.3902336,8178.0,1.01,-0.01,-0.04,-3.48,0.3,-0.18
48538556.0,363811.430429,8179.0,1.0,-0.0,-0.04,-3.29,0.49,-0.12
48543268.0,363811.4715751,8180.0,1.0,-0.0,-0.05,-3.6,0.49,-0.37
48547984.0,363811.5116698,8181.0,1.0,-0.01,-0.04,-3.54,0.18,-0.24
48552708.0,363811.5531318,8182.0,1.0,-0.01,-0.05,-3.66,-0.06,-0.37
48557440.0,363811.5928215,8183.0,1.0,-0.01,-0.04,-3.54,-0.06,-0.37
48562180.0,363811.6319758,8184.0,1.0,-0.01,-0.04,-3.6,0.37,-0.37
48566912.0,363811.6738499,8185.0,1.0,-0.01,-0.05,-3.6,-0.06,-0.24
48571640.0,363811.7116474,8186.0,1.0,-0.0,-0.05,-3.84,0.0,-0.18
48576308.0,363811.7891517,8187.0,1.0,-0.01,-0.04,-3.41,0.24,-0.24
48581032.0,363811.8234998,8188.0,1.01,-0.01,-0.05,-3.54,0.49,-0.24
48585772.0,363811.8676206,8189.0,1.0,-0.01,-0.04,-3.72,0.49,-0.43
48590496.0,363811.9056173,8190.0,1.01,-0.01,-0.04,-3.84,0.67,-0.37
48595240.0,363811.9471316,8191.0,1.0,-0.0,-0.04,-3.72,0.37,-0.06
48599952.0,363811.9860375,8192.0,1.0,-0.0,-0.04,-3.54,0.3,-0.06
48604664.0,363812.0255063,8193.0,1.01,-0.01,-0.04,-3.54,0.55,-0.24
48609412.0,363812.0664533,8194.0,1.0,-0.01,-0.04,-3.54,0.79,-0.43
48614140.0,363812.1038953,8195.0,1.0,-0.01,-0.05,-3.6,0.43,-0.43
48618868.0,363812.1822431,8196.0,1.0,-0.0,-0.04,-3.6,0.43,-0.67
48623576.0,363812.184185,8197.0,1.01,-0.0,-0.04,-3.29,0.24,-0.06
48628300.0,363812.2625192,8198.0,1.0,-0.01,-0.05,-3.41,0.3,-0.49
48633032.0,363812.2794294,8199.0,1.0,-0.01,-0.04,-3.48,0.3,-0.55
48637756.0,363812.3420786,8200.0,1.0,-0.01,-0.04,-3.54,0.49,-0.24
48642480.0,363812.3596582,8201.0,1.0,-0.01,-0.04,-3.48,0.06,-0.12
48647212.0,363812.4227874,8202.0,1.0,-0.0,-0.05,-3.35,0.3,-0.18
48651920.0,363812.4604242,8203.0,1.0,-0.01,-0.04,-3.35,0.12,-0.3
48656652.0,363812.5006995,8204.0,1.0,-0.01,-0.04,-3.41,0.06,-0.06
48661352.0,363812.5435891,8205.0,1.0,-0.0,-0.05,-3.72,0.18,-0.49
48666076.0,363812.5812241,8206.0,1.0,-0.0,-0.04,-3.48,0.37,-0.3
48670792.0,363812.6219122,8207.0,1.0,-0.01,-0.05,-3.6,0.37,-0.3
48675516.0,363812.6600073,8208.0,1.0,-0.01,-0.05,-3.48,0.43,-0.55
48680252.0,363812.7005138,8209.0,1.0,-0.01,-0.04,-3.72,-0.12,-0.37
48685000.0,363812.7385326,8210.0,1.0,-0.0,-0.05,-3.35,-0.18,0.18
48689724.0,363812.7784627,8211.0,1.0,-0.01,-0.04,-3.6,-0.06,-0.3
48694448.0,363812.8182961,8212.0,1.01,-0.01,-0.05,-3.41,0.18,-0.37
48699180.0,363812.8582019,8213.0,1.0,0.0,-0.04,-3.48,-0.12,-0.37
48703904.0,363812.9342394,8214.0,1.01,-0.0,-0.03,-3.54,-0.55,-0.37
48708656.0,363812.9691097,8215.0,1.01,-0.01,-0.02,-3.35,-0.67,-0.24
48713392.0,363813.0126626,8216.0,1.02,-0.01,-0.02,-3.54,-0.18,-0.37
48718132.0,363813.0554592,8217.0,0.99,-0.01,-0.07,-3.72,1.16,-0.37
48722880.0,363813.0905096,8218.0,1.0,-0.0,-0.07,-3.78,0.61,-0.24
48727604.0,363813.1335496,8219.0,1.0,-0.04,-0.03,-6.59,-0.85,-0.49
48732352.0,363813.1715327,8220.0,1.01,-0.06,-0.02,-12.8,0.24,-0.49
48737120.0,363813.2113925,8221.0,1.0,-0.02,-0.06,-19.57,2.32,-0.3
48741896.0,363813.2526438,8222.0,1.01,-0.03,-0.03,-23.78,0.49,-0.37
48746688.0,363813.2929573,8223.0,1.02,-0.02,-0.02,-27.01,-0.06,0.37
48751448.0,363813.3688275,8224.0,0.98,-0.02,-0.04,-27.93,0.3,0.0
48756172.0,363813.3855523,8225.0,0.98,0.0,-0.08,-28.48,-2.68,-1.04
48760956.0,363813.4459881,8226.0,1.07,-0.01,-0.01,-28.11,-3.9,-0.55
48765744.0,363813.4537688,8227.0,1.06,-0.0,0.03,-28.96,1.1,-0.37
48770520.0,363813.4977793,8228.0,0.98,-0.01,-0.11,-29.27,2.07,-0.3
48775312.0,363813.5368382,8229.0,1.01,0.01,-0.08,-28.48,0.12,-0.3
48780076.0,363813.5739463,8230.0,1.02,0.04,0.02,-28.78,2.38,0.06
48784840.0,363813.6169979,8231.0,0.97,0.04,-0.03,-29.39,2.87,-0.18
48789628.0,363813.6551864,8232.0,1.02,0.0,0.03,-30.24,-1.59,0.18
48794388.0,363813.698057,8233.0,0.97,0.01,-0.05,-32.26,-0.3,-1.04
48799160.0,363813.7381444,8234.0,1.04,0.02,-0.09,-30.91,1.1,0.3
48803944.0,363813.7812984,8235.0,0.92,-0.03,-0.17,-29.02,1.16,-0.61
48808732.0,363813.8297967,8236.0,1.04,-0.02,-0.04,-28.05,-4.02,-0.98
48813508.0,363813.8695017,8237.0,1.02,0.03,-0.14,-20.98,-3.41,0.43
48818308.0,363813.911123,8238.0,0.95,0.03,-0.07,0.55,0.67,-0.79
48823016.0,363813.9506373,8239.0,1.0,0.03,-0.08,8.05,0.67,-1.16
48827736.0,363813.9924236,8240.0,1.1,0.07,-0.02,18.54,-6.71,-1.46
48832540.0,363814.0315451,8241.0,1.09,0.02,-0.01,23.96,-3.48,0.0
48837252.0,363814.0809547,8242.0,0.98,-0.03,-0.04,21.77,2.38,0.67
48842028.0,363814.124817,8243.0,0.94,-0.08,-0.04,16.16,1.52,-0.67
48846800.0,363814.1664629,8244.0,1.04,-0.04,0.01,11.28,-3.96,-1.46
48851584.0,363814.2072709,8245.0,1.02,-0.05,-0.0,8.17,-8.66,-2.38
48856328.0,363814.2481706,8246.0,1.04,-0.03,-0.03,6.46,-10.61,-2.26
48861120.0,363814.2858633,8247.0,1.01,-0.04,-0.05,6.4,-10.18,-1.59
48865900.0,363814.324591,8248.0,1.01,-0.05,-0.05,5.85,-7.13,-1.52
48870660.0,363814.3605497,8249.0,1.04,-0.02,-0.06,6.22,-8.6,-1.16
48875400.0,363814.3991165,8250.0,1.04,0.01,-0.05,7.62,-12.38,-2.44
48880184.0,363814.4367283,8251.0,1.02,0.01,-0.05,7.5,-12.32,-3.66
48884960.0,363814.4728714,8252.0,1.0,0.04,-0.06,6.89,-12.38,-6.1
48889732.0,363814.5133011,8253.0,0.97,0.02,-0.06,6.04,-8.05,-8.35
48894464.0,363814.5484042,8254.0,1.0,0.01,-0.06,6.59,-6.59,-10.06
48899240.0,363814.5875686,8255.0,0.99,-0.0,-0.08,8.48,-6.34,-11.59
48904012.0,363814.6248951,8256.0,1.0,-0.03,-0.08,10.3,-6.65,-14.76
48908848.0,363814.6619469,8257.0,1.01,-0.06,-0.07,10.61,-9.45,-18.96
48913692.0,363814.7000241,8258.0,1.03,-0.08,-0.02,7.74,-16.77,-24.33
48918540.0,363814.7393762,8259.0,1.05,-0.08,0.01,3.96,-26.95,-29.88
48923368.0,363814.7776145,8260.0,1.0,-0.05,0.0,0.18,-33.29,-36.52
42310180.0,363814.819478,6860.0,1.0,-0.01,-0.05,-3.48,0.0,-0.24
42314856.0,363814.854114,6861.0,1.0,-0.01,-0.05,-3.66,0.37,-0.37
42319580.0,363814.8907832,6862.0,1.0,-0.0,-0.04,-3.48,0.12,-0.49
42324292.0,363814.9363346,6863.0,1.0,-0.0,-0.05,-3.41,0.37,-0.3
42329004.0,363814.9744941,6864.0,1.0,-0.0,-0.04,-3.54,0.3,-0.49
42333712.0,363815.0126719,6865.0,1.0,-0.01,-0.05,-3.48,0.06,-0.24
42338444.0,363815.0512153,6866.0,1.0,-0.01,-0.05,-3.72,0.37,-0.43
42343172.0,363815.0894543,6867.0,1.0,-0.01,-0.05,-3.41,0.3,-0.37
42347896.0,363815.1274644,6868.0,1.0,-0.01,-0.05,-3.54,0.3,-0.24
42352616.0,363815.1654941,6869.0,1.0,-0.0,-0.04,-3.41,0.0,-0.24
42357288.0,363815.205972,6870.0,1.0,-0.0,-0.04,-3.6,0.37,-0.18
42362004.0,363815.2452097,6871.0,1.01,-0.01,-0.05,-3.54,0.49,-0.3
42366732.0,363815.3026422,6872.0,1.0,-0.0,-0.04,-3.41,0.24,-0.24
42371456.0,363815.3209976,6873.0,1.0,-0.01,-0.05,-3.66,0.37,-0.18
42376188.0,363815.3609558,6874.0,1.0,-0.01,-0.04,-3.48,0.49,-0.49
42380912.0,363815.397416,6875.0,1.0,-0.0,-0.05,-3.41,0.37,-0.49
42385644.0,363815.4694567,6876.0,1.0,-0.01,-0.04,-3.6,0.43,-0.06
42390368.0,363815.5019639,6877.0,1.0,-0.0,-0.05,-3.66,0.3,-0.3
42395080.0,363815.5430256,6878.0,1.0,-0.0,-0.05,-3.72,0.24,-0.18
42399796.0,363815.5792957,6879.0,1.0,-0.01,-0.05,-3.6,0.24,-0.49
42404508.0,363815.6182286,6880.0,1.0,-0.0,-0.04,-3.54,0.3,-0.3
42409224.0,363815.6590804,6881.0,1.0,-0.01,-0.04,-3.41,0.3,-0.37
42413944.0,363815.6945505,6882.0,1.0,-0.0,-0.05,-3.35,0.12,-0.55
42418672.0,363815.733135,6883.0,1.0,-0.0,-0.05,-3.66,0.3,-0.37
42423384.0,363815.7695452,6884.0,1.0,-0.01,-0.05,-3.54,0.24,-0.3
42428108.0,363815.8067536,6885.0,1.0,-0.01,-0.04,-3.78,0.0,-0.06
42432784.0,363815.8479397,6886.0,1.0,-0.01,-0.05,-3.54,0.18,-0.18
42437508.0,363815.8852306,6887.0,1.01,-0.01,-0.05,-3.6,0.3,-0.24
42442244.0,363815.9259728,6888.0,1.0,-0.01,-0.05,-3.72,0.37,-0.18
42446976.0,363815.9584119,6889.0,1.0,-0.0,-0.05,-3.48,-0.06,-0.49
42451688.0,363816.0000729,6890.0,1.0,-0.01,-0.04,-3.48,0.18,-0.43
42456412.0,363816.0410315,6891.0,1.0,-0.0,-0.05,-3.78,0.12,-0.49
42461124.0,363816.0571786,6892.0,1.0,-0.0,-0.05,-3.78,0.37,-0.49
42465832.0,363816.116603,6893.0,1.0,-0.01,-0.04,-3.66,0.37,-0.49
42470564.0,363816.1495857,6894.0,1.0,-0.01,-0.04,-3.66,0.06,-0.18
42475272.0,363816.1909237,6895.0,1.0,-0.01,-0.04,-3.17,0.49,-0.3
42480004.0,363816.2320649,6896.0,1.0,-0.01,-0.04,-3.6,0.37,-0.43
42484728.0,363816.2691336,6897.0,1.0,-0.01,-0.04,-3.23,0.3,0.06
42489440.0,363816.3100907,6898.0,1.0,-0.01,-0.05,-3.6,0.37,-0.43
42494172.0,363816.3457511,6899.0,1.0,-0.01,-0.05,-3.66,0.37,-0.67
42498896.0,363816.384956,6900.0,1.0,-0.01,-0.04,-3.66,0.0,-0.24
42503572.0,363816.4257957,6901.0,1.0,-0.01,-0.05,-3.48,0.18,-0.24
42508304.0,363816.4587177,6902.0,1.0,-0.01,-0.04,-3.54,0.06,-0.61
42513020.0,363816.5001667,6903.0,1.0,-0.01,-0.05,-3.78,0.0,-0.37
42517704.0,363816.5337381,6904.0,1.0,-0.0,-0.04,-3.54,0.12,-0.61
42522416.0,363816.5749095,6905.0,1.0,-0.01,-0.05,-3.48,0.12,-0.12
42527152.0,363816.6173563,6906.0,1.0,-0.0,-0.05,-3.66,-0.24,-0.37
42531880.0,363816.6506783,6907.0,1.0,-0.01,-0.05,-3.54,-0.06,-0.43
42536604.0,363816.6913211,6908.0,1.0,-0.0,-0.04,-3.48,0.06,-0.12
42541320.0,363816.72844,6909.0,1.01,-0.0,-0.05,-3.54,-0.06,-0.43
42546048.0,363816.7679708,6910.0,1.0,-0.01,-0.04,-3.66,-0.12,-0.37
42550784.0,363816.804534,6911.0,1.0,-0.0,-0.04,-3.54,-0.06,-0.3
42555504.0,363816.8440034,6912.0,1.0,-0.0,-0.05,-3.41,0.18,0.06
42560196.0,363816.8845085,6913.0,1.0,-0.0,-0.05,-3.54,0.24,-0.61
42564920.0,363816.9199789,6914.0,1.0,-0.01,-0.04,-3.72,0.24,-0.49
42569644.0,363816.9940728,6915.0,1.0,-0.0,-0.04,-3.41,-0.18,-0.61
42574368.0,363817.0027233,6916.0,1.0,-0.01,-0.04,-3.54,0.12,-0.18
42579108.0,363817.0384769,6917.0,1.0,-0.0,-0.04,-3.6,0.12,-0.49
42583820.0,363817.1124545,6918.0,1.0,-0.0,-0.04,-3.6,0.0,-0.12
42588492.0,363817.1485199,6919.0,1.0,-0.01,-0.04,-3.35,0.06,-0.3
42593216.0,363817.1907095,6920.0,1.0,-0.0,-0.04,-3.54,0.18,-0.43
42597940.0,363817.2271961,6921.0,1.0,-0.0,-0.04,-3.48,0.24,-0.49
42602672.0,363817.2676116,6922.0,1.0,-0.01,-0.05,-3.17,0.12,-0.3
42607396.0,363817.2759478,6923.0,1.0,-0.01,-0.04,-3.72,0.18,-0.12
42612120.0,363817.3112304,6924.0,1.0,-0.01,-0.04,-3.23,0.3,-0.43
42616852.0,363817.3498571,6925.0,1.0,-0.01,-0.04,-3.41,0.3,-0.37
42621568.0,363817.3879234,6926.0,1.0,-0.0,-0.04,-3.54,0.24,-0.43
42626284.0,363817.4258422,6927.0,1.0,-0.01,-0.04,-3.54,0.3,-0.37
42631012.0,363817.4635079,6928.0,0.99,-0.01,-0.04,-3.29,0.37,-0.24
42635744.0,363817.4807894,6929.0,1.0,0.0,-0.05,-3.29,0.43,-0.18
42640460.0,363817.5034207,6930.0,1.0,-0.01,-0.05,-3.48,0.0,-0.24
42645128.0,363817.5429951,6931.0,1.0,-0.01,-0.04,-3.66,0.3,-0.61
42649860.0,363817.5821465,6932.0,1.0,-0.01,-0.04,-3.54,0.24,-0.37
42654584.0,363817.6241889,6933.0,1.0,-0.01,-0.04,-3.48,0.37,-0.12
42659320.0,363817.6637788,6934.0,1.0,-0.01,-0.04,-3.23,0.18,-0.37
42664060.0,363817.6989336,6935.0,1.0,-0.01,-0.04,-3.6,0.37,-0.3
42668772.0,363817.7403897,6936.0,1.0,-0.0,-0.04,-3.66,0.06,-0.18
42673480.0,363817.7772271,6937.0,1.0,-0.01,-0.04,-3.84,0.49,-0.43
42678204.0,363817.8173958,6938.0,1.0,-0.01,-0.05,-3.48,0.18,-0.06
42682928.0,363817.8198441,6939.0,1.0,-0.01,-0.05,-3.66,0.3,-0.3
42687660.0,363817.8612219,6940.0,1.0,-0.01,-0.04,-3.54,0.18,-0.18
42692376.0,363817.8967864,6941.0,1.0,-0.0,-0.05,-3.6,0.18,-0.3
42697076.0,363817.9345639,6942.0,1.0,-0.01,-0.04,-3.48,0.24,-0.3
42701800.0,363817.9766517,6943.0,1.0,-0.01,-0.05,-3.41,0.18,-0.24
42706524.0,363818.0125006,6944.0,1.0,-0.01,-0.05,-3.41,0.06,-0.61
42711252.0,363818.0535228,6945.0,1.0,-0.0,-0.05,-3.66,0.37,-0.49
42715964.0,363818.05527,6946.0,1.0,-0.0,-0.04,-3.35,0.18,-0.24
42720676.0,363818.0934915,6947.0,1.0,-0.01,-0.05,-3.23,0.37,-0.12
42725416.0,363818.1341785,6948.0,1.0,-0.01,-0.05,-3.54,0.12,-0.49
42730140.0,363818.1739537,6949.0,1.0,-0.01,-0.05,-3.6,0.43,-0.12
42734872.0,363818.1757247,6950.0,1.0,-0.01,-0.04,-3.66,0.12,-0.37
42739604.0,363818.2343377,6951.0,1.0,-0.01,-0.05,-3.29,0.24,-0.24
42744332.0,363818.2536043,6952.0,1.0,-0.0,-0.05,-3.54,0.12,-0.06
42749052.0,363818.2907809,6953.0,1.0,-0.01,-0.05,-3.6,0.06,-0.43
42753764.0,363818.3319828,6954.0,1.0,-0.01,-0.05,-3.29,0.06,-0.24
42758492.0,363818.3696705,6955.0,1.0,-0.0,-0.04,-3.78,0.12,-0.43
42763216.0,363818.4084156,6956.0,1.0,-0.01,-0.04,-3.35,-0.06,-0.37
42767948.0,363818.444742,6957.0,1.0,-0.01,-0.04,-3.54,0.12,0.0
42772624.0,363818.4848738,6958.0,1.0,-0.0,-0.05,-3.41,0.37,-0.49
42777340.0,363818.5268162,6959.0,1.0,-0.0,-0.04,-3.41,0.12,-0.43
42782052.0,363818.5628488,6960.0,1.0,-0.01,-0.05,-3.48,0.18,-0.37
42786788.0,363818.6026833,6961.0,1.0,-0.0,-0.05,-3.48,0.37,-0.67
42791512.0,363818.6366488,6962.0,1.0,-0.01,-0.04,-3.66,0.24,-0.43
42796244.0,363818.678494,6963.0,1.0,-0.0,-0.05,-3.35,0.12,-0.18
42800952.0,363818.6803407,6964.0,1.0,-0.0,-0.05,-3.48,0.49,-0.49
42805664.0,363818.7211161,6965.0,1.0,-0.01,-0.05,-3.41,0.06,-0.43
42810396.0,363818.7592759,6966.0,1.0,-0.01,-0.05,-3.66,0.18,-0.37
